cake_path,children,group,size_span,ratios_stdev,seconds
cakes/tournament/4444.csv,5,1,0.0015,3.6810,11.4955
cakes/tournament/4444.csv,5,2,0.3715,2.3668,17.3734
cakes/tournament/4444.csv,5,3,0.1464,5.1515,25.0869
cakes/tournament/4444.csv,5,4,0.1872,4.6475,15.8492
cakes/tournament/4444.csv,5,5,0.4205,2.6682,7.4368
cakes/tournament/4444.csv,5,6,0.4886,1.6148,44.1847
cakes/tournament/4444.csv,5,7,0.4849,1.8647,51.3619
cakes/tournament/4444.csv,5,8,0.2893,4.9732,90.0825
cakes/tournament/4444.csv,5,9,0.1776,3.0650,50.3832
cakes/tournament/4444.csv,5,10,10.5781,3.8193,276.4141
cakes/tournament/4444.csv,7,1,0.0014,4.1605,15.3518
cakes/tournament/4444.csv,7,2,0.7096,4.4078,8.2949
cakes/tournament/4444.csv,7,3,0.3932,3.7788,31.9648
cakes/tournament/4444.csv,7,4,0.1284,4.1413,24.5275
cakes/tournament/4444.csv,7,5,0.4800,6.7297,9.1453
cakes/tournament/4444.csv,7,6,0.4893,2.3453,65.3953
cakes/tournament/4444.csv,7,7,0.4911,3.3769,83.7473
cakes/tournament/4444.csv,7,8,0.4084,4.7102,137.4827
cakes/tournament/4444.csv,7,9,0.1296,5.8363,96.4576
cakes/tournament/4444.csv,7,10,0.0229,8.2413,261.2190
cakes/tournament/4444.csv,11,1,0.0017,5.8099,21.9752
cakes/tournament/4444.csv,11,2,0.4802,4.5564,108.1754
cakes/tournament/4444.csv,11,3,0.3854,4.8363,52.5411
cakes/tournament/4444.csv,11,4,0.0817,7.0428,194.6557
cakes/tournament/4444.csv,11,5,0.4873,13.1911,13.4328
cakes/tournament/4444.csv,11,6,0.4900,6.6694,97.3960
cakes/tournament/4444.csv,11,7,0.4980,3.2737,109.3020
cakes/tournament/4444.csv,11,8,-1,-1,300.0000
cakes/tournament/4444.csv,11,9,0.2104,1.7935,221.8103
cakes/tournament/4444.csv,11,10,0.0768,16.9566,265.6891
cakes/tournament/butterfly.csv,13,1,0.0210,4.2341,27.0389
cakes/tournament/butterfly.csv,13,2,0.3857,9.5532,18.2593
cakes/tournament/butterfly.csv,13,3,0.3840,1.1063,47.4242
cakes/tournament/butterfly.csv,13,4,-1,-1,300.0000
cakes/tournament/butterfly.csv,13,5,35.4281,12.4682,21.8049
cakes/tournament/butterfly.csv,13,6,0.4900,3.5492,108.4559
cakes/tournament/butterfly.csv,13,7,0.4606,1.2490,160.8128
cakes/tournament/butterfly.csv,13,8,-1,-1,300.0000
cakes/tournament/butterfly.csv,13,9,-1,-1,300.0000
cakes/tournament/butterfly.csv,13,10,0.0001,0.0180,96.8797
cakes/tournament/butterfly.csv,18,1,0.0214,3.1851,38.4441
cakes/tournament/butterfly.csv,18,2,0.4532,8.1771,249.1289
cakes/tournament/butterfly.csv,18,3,0.3193,0.4484,71.6043
cakes/tournament/butterfly.csv,18,4,-1,-1,300.0000
cakes/tournament/butterfly.csv,18,5,0.4647,12.3165,26.0836
cakes/tournament/butterfly.csv,18,6,0.4900,9.4066,142.5361
cakes/tournament/butterfly.csv,18,7,0.4565,1.1793,294.1153
cakes/tournament/butterfly.csv,18,8,-1,-1,300.0000
cakes/tournament/butterfly.csv,18,9,-1,-1,300.0000
cakes/tournament/butterfly.csv,18,10,0.0001,0.0036,57.9298
cakes/tournament/butterfly.csv,27,1,0.0019,8.3020,56.9464
cakes/tournament/butterfly.csv,27,2,-1,-1,300.0000
cakes/tournament/butterfly.csv,27,3,0.4474,0.3316,146.0744
cakes/tournament/butterfly.csv,27,4,-1,-1,300.0000
cakes/tournament/butterfly.csv,27,5,0.4924,12.8095,32.8684
cakes/tournament/butterfly.csv,27,6,0.4899,8.3557,215.2164
cakes/tournament/butterfly.csv,27,7,-1,-1,300.0000
cakes/tournament/butterfly.csv,27,8,-1,-1,300.0000
cakes/tournament/butterfly.csv,27,9,-1,-1,300.0000
cakes/tournament/butterfly.csv,27,10,0.0002,0.0136,94.4230
cakes/tournament/figure_eight.csv,7,1,0.0018,8.3755,14.3193
cakes/tournament/figure_eight.csv,7,2,0.3946,10.1299,14.0272
cakes/tournament/figure_eight.csv,7,3,0.3727,2.6895,26.3244
cakes/tournament/figure_eight.csv,7,4,0.1130,15.0719,19.5204
cakes/tournament/figure_eight.csv,7,5,55.1411,8.4500,10.1187
cakes/tournament/figure_eight.csv,7,6,0.4686,0.6493,53.8600
cakes/tournament/figure_eight.csv,7,7,0.4785,6.8682,87.1589
cakes/tournament/figure_eight.csv,7,8,-1,-1,-1
cakes/tournament/figure_eight.csv,7,9,0.2375,3.0799,135.7677
cakes/tournament/figure_eight.csv,7,10,0.0000,0.0035,66.6813
cakes/tournament/figure_eight.csv,9,1,0.0014,4.9302,18.8587
cakes/tournament/figure_eight.csv,9,2,0.5316,13.5543,11.4327
cakes/tournament/figure_eight.csv,9,3,0.4308,8.9864,24.2139
cakes/tournament/figure_eight.csv,9,4,0.0809,11.4095,74.0129
cakes/tournament/figure_eight.csv,9,5,0.4073,11.0583,10.8826
cakes/tournament/figure_eight.csv,9,6,0.4900,5.4155,78.0481
cakes/tournament/figure_eight.csv,9,7,0.4555,4.9010,122.5814
cakes/tournament/figure_eight.csv,9,8,0.3171,11.7304,229.5024
cakes/tournament/figure_eight.csv,9,9,0.2641,0.8430,202.6360
cakes/tournament/figure_eight.csv,9,10,0.0002,5.9810,265.7581
cakes/tournament/figure_eight.csv,14,1,0.0019,10.1067,29.0945
cakes/tournament/figure_eight.csv,14,2,1.5462,11.1388,16.8225
cakes/tournament/figure_eight.csv,14,3,0.3128,7.2894,46.7679
cakes/tournament/figure_eight.csv,14,4,-1,-1,300.0000
cakes/tournament/figure_eight.csv,14,5,21.0456,21.1671,14.2316
cakes/tournament/figure_eight.csv,14,6,0.4900,9.8165,116.0650
cakes/tournament/figure_eight.csv,14,7,0.4772,9.7205,196.3245
cakes/tournament/figure_eight.csv,14,8,-1,-1,300.0000
cakes/tournament/figure_eight.csv,14,9,-1,-1,300.0000
cakes/tournament/figure_eight.csv,14,10,0.0003,8.5142,264.0114
cakes/tournament/horseshoe.csv,12,1,0.0208,1.6430,25.7064
cakes/tournament/horseshoe.csv,12,2,0.4566,2.9254,134.2540
cakes/tournament/horseshoe.csv,12,3,0.3948,0.2396,53.4425
cakes/tournament/horseshoe.csv,12,4,0.0744,9.8674,23.3125
cakes/tournament/horseshoe.csv,12,5,14.9944,8.6575,15.9862
cakes/tournament/horseshoe.csv,12,6,0.4899,1.6128,97.6672
cakes/tournament/horseshoe.csv,12,7,0.4698,1.6814,151.6920
cakes/tournament/horseshoe.csv,12,8,-1,-1,300.0000
cakes/tournament/horseshoe.csv,12,9,-1,-1,300.0000
cakes/tournament/horseshoe.csv,12,10,0.0001,0.0011,56.3731
cakes/tournament/horseshoe.csv,16,1,0.0018,4.3106,33.8075
cakes/tournament/horseshoe.csv,16,2,0.4523,2.7332,297.5922
cakes/tournament/horseshoe.csv,16,3,0.4075,0.3061,69.4952
cakes/tournament/horseshoe.csv,16,4,-1,-1,300.0000
cakes/tournament/horseshoe.csv,16,5,6.3721,8.5685,19.6895
cakes/tournament/horseshoe.csv,16,6,0.4900,7.0032,129.0322
cakes/tournament/horseshoe.csv,16,7,0.4584,1.5469,237.5992
cakes/tournament/horseshoe.csv,16,8,-1,-1,300.0000
cakes/tournament/horseshoe.csv,16,9,-1,-1,300.0000
cakes/tournament/horseshoe.csv,16,10,0.0001,0.0025,59.1783
cakes/tournament/horseshoe.csv,25,1,0.0018,5.7332,53.3888
cakes/tournament/horseshoe.csv,25,2,0.4673,9.4543,38.4518
cakes/tournament/horseshoe.csv,25,3,0.3657,1.0491,146.1718
cakes/tournament/horseshoe.csv,25,4,-1,-1,300.0000
cakes/tournament/horseshoe.csv,25,5,0.4395,8.9914,28.1055
cakes/tournament/horseshoe.csv,25,6,0.4900,2.7077,192.9814
cakes/tournament/horseshoe.csv,25,7,-1,-1,300.0000
cakes/tournament/horseshoe.csv,25,8,-1,-1,300.0000
cakes/tournament/horseshoe.csv,25,9,-1,-1,300.0000
cakes/tournament/horseshoe.csv,25,10,0.0002,0.2817,97.9234
cakes/tournament/players/player1/cat.csv,12,1,0.0215,4.3537,27.7173
cakes/tournament/players/player1/cat.csv,12,2,0.4087,6.9460,36.2105
cakes/tournament/players/player1/cat.csv,12,3,0.3951,1.1062,81.4866
cakes/tournament/players/player1/cat.csv,12,4,0.0771,10.0810,155.0566
cakes/tournament/players/player1/cat.csv,12,5,32.8980,13.5823,22.0854
cakes/tournament/players/player1/cat.csv,12,6,0.4900,9.5863,110.9253
cakes/tournament/players/player1/cat.csv,12,7,0.4799,4.4495,139.2414
cakes/tournament/players/player1/cat.csv,12,8,-1,-1,300.0000
cakes/tournament/players/player1/cat.csv,12,9,-1,-1,300.0000
cakes/tournament/players/player1/cat.csv,12,10,0.0000,0.5601,98.1239
cakes/tournament/players/player1/cat.csv,16,1,0.0218,3.5210,37.5246
cakes/tournament/players/player1/cat.csv,16,2,0.4340,4.6116,249.8099
cakes/tournament/players/player1/cat.csv,16,3,0.3768,1.2031,97.2430
cakes/tournament/players/player1/cat.csv,16,4,0.0602,13.4636,66.7451
cakes/tournament/players/player1/cat.csv,16,5,0.4801,13.1720,28.8262
cakes/tournament/players/player1/cat.csv,16,6,0.4900,7.5829,145.8940
cakes/tournament/players/player1/cat.csv,16,7,0.4929,5.2537,226.0535
cakes/tournament/players/player1/cat.csv,16,8,-1,-1,300.0000
cakes/tournament/players/player1/cat.csv,16,9,-1,-1,300.0000
cakes/tournament/players/player1/cat.csv,16,10,0.0001,1.5606,102.4671
cakes/tournament/players/player1/cat.csv,24,1,0.0019,9.3175,52.7492
cakes/tournament/players/player1/cat.csv,24,2,-1,-1,300.0000
cakes/tournament/players/player1/cat.csv,24,3,0.3965,1.8472,162.9942
cakes/tournament/players/player1/cat.csv,24,4,-1,-1,300.0000
cakes/tournament/players/player1/cat.csv,24,5,0.4544,13.9649,32.4901
cakes/tournament/players/player1/cat.csv,24,6,0.4900,3.8342,209.0837
cakes/tournament/players/player1/cat.csv,24,7,-1,-1,300.0000
cakes/tournament/players/player1/cat.csv,24,8,-1,-1,300.0000
cakes/tournament/players/player1/cat.csv,24,9,-1,-1,300.0000
cakes/tournament/players/player1/cat.csv,24,10,0.0002,2.0043,93.7521
cakes/tournament/players/player1/crown.csv,2,1,-1,-1,-1
cakes/tournament/players/player1/crown.csv,2,2,-1,-1,-1
cakes/tournament/players/player1/crown.csv,2,3,-1,-1,-1
cakes/tournament/players/player1/crown.csv,2,4,-1,-1,-1
cakes/tournament/players/player1/crown.csv,2,5,-1,-1,-1
cakes/tournament/players/player1/crown.csv,2,6,-1,-1,-1
cakes/tournament/players/player1/crown.csv,2,7,-1,-1,-1
cakes/tournament/players/player1/crown.csv,2,8,-1,-1,-1
cakes/tournament/players/player1/crown.csv,2,9,-1,-1,-1
cakes/tournament/players/player1/crown.csv,2,10,-1,-1,-1
cakes/tournament/players/player1/crown.csv,2,1,-1,-1,-1
cakes/tournament/players/player1/crown.csv,2,2,-1,-1,-1
cakes/tournament/players/player1/crown.csv,2,3,-1,-1,-1
cakes/tournament/players/player1/crown.csv,2,4,-1,-1,-1
cakes/tournament/players/player1/crown.csv,2,5,-1,-1,-1
cakes/tournament/players/player1/crown.csv,2,6,-1,-1,-1
cakes/tournament/players/player1/crown.csv,2,7,-1,-1,-1
cakes/tournament/players/player1/crown.csv,2,8,-1,-1,-1
cakes/tournament/players/player1/crown.csv,2,9,-1,-1,-1
cakes/tournament/players/player1/crown.csv,2,10,-1,-1,-1
cakes/tournament/players/player1/crown.csv,4,1,-1,-1,-1
cakes/tournament/players/player1/crown.csv,4,2,-1,-1,-1
cakes/tournament/players/player1/crown.csv,4,3,-1,-1,-1
cakes/tournament/players/player1/crown.csv,4,4,-1,-1,-1
cakes/tournament/players/player1/crown.csv,4,5,-1,-1,-1
cakes/tournament/players/player1/crown.csv,4,6,-1,-1,-1
cakes/tournament/players/player1/crown.csv,4,7,-1,-1,-1
cakes/tournament/players/player1/crown.csv,4,8,-1,-1,-1
cakes/tournament/players/player1/crown.csv,4,9,-1,-1,-1
cakes/tournament/players/player1/crown.csv,4,10,-1,-1,-1
cakes/tournament/players/player1/star.csv,8,1,0.0218,3.2029,15.5028
cakes/tournament/players/player1/star.csv,8,2,0.4373,2.7853,57.4417
cakes/tournament/players/player1/star.csv,8,3,0.2351,2.3141,27.8673
cakes/tournament/players/player1/star.csv,8,4,0.1182,12.3091,73.9482
cakes/tournament/players/player1/star.csv,8,5,0.4619,13.4008,11.8243
cakes/tournament/players/player1/star.csv,8,6,0.4897,1.1385,57.2887
cakes/tournament/players/player1/star.csv,8,7,0.4307,0.9426,90.1819
cakes/tournament/players/player1/star.csv,8,8,0.3459,7.2934,258.6562
cakes/tournament/players/player1/star.csv,8,9,0.1898,1.2097,170.0358
cakes/tournament/players/player1/star.csv,8,10,0.0000,0.0009,57.7270
cakes/tournament/players/player1/star.csv,11,1,0.0019,6.8681,22.3986
cakes/tournament/players/player1/star.csv,11,2,0.3303,15.1704,14.5923
cakes/tournament/players/player1/star.csv,11,3,0.3914,1.0687,43.8005
cakes/tournament/players/player1/star.csv,11,4,-1,-1,300.0000
cakes/tournament/players/player1/star.csv,11,5,0.3687,12.0748,12.0865
cakes/tournament/players/player1/star.csv,11,6,0.4900,6.4261,82.1345
cakes/tournament/players/player1/star.csv,11,7,0.4879,1.4805,141.4163
cakes/tournament/players/player1/star.csv,11,8,-1,-1,300.0000
cakes/tournament/players/player1/star.csv,11,9,0.2402,1.3783,292.4357
cakes/tournament/players/player1/star.csv,11,10,0.0002,0.4713,97.4202
cakes/tournament/players/player1/star.csv,17,1,0.0018,8.9304,33.5860
cakes/tournament/players/player1/star.csv,17,2,0.4812,3.7775,186.4273
cakes/tournament/players/player1/star.csv,17,3,0.1668,0.1403,65.6802
cakes/tournament/players/player1/star.csv,17,4,0.0536,20.3950,98.2675
cakes/tournament/players/player1/star.csv,17,5,18.9107,18.8667,15.4552
cakes/tournament/players/player1/star.csv,17,6,0.4900,6.0757,132.0531
cakes/tournament/players/player1/star.csv,17,7,0.4876,1.7207,232.9473
cakes/tournament/players/player1/star.csv,17,8,-1,-1,300.0000
cakes/tournament/players/player1/star.csv,17,9,-1,-1,300.0000
cakes/tournament/players/player1/star.csv,17,10,0.0004,0.0201,97.5550
cakes/tournament/players/player10/HBD.csv,3,1,-1,-1,-1
cakes/tournament/players/player10/HBD.csv,3,2,-1,-1,-1
cakes/tournament/players/player10/HBD.csv,3,3,-1,-1,-1
cakes/tournament/players/player10/HBD.csv,3,4,-1,-1,-1
cakes/tournament/players/player10/HBD.csv,3,5,-1,-1,-1
cakes/tournament/players/player10/HBD.csv,3,6,-1,-1,-1
cakes/tournament/players/player10/HBD.csv,3,7,-1,-1,-1
cakes/tournament/players/player10/HBD.csv,3,8,-1,-1,-1
cakes/tournament/players/player10/HBD.csv,3,9,-1,-1,-1
cakes/tournament/players/player10/HBD.csv,3,10,-1,-1,-1
cakes/tournament/players/player10/HBD.csv,4,1,-1,-1,-1
cakes/tournament/players/player10/HBD.csv,4,2,-1,-1,-1
cakes/tournament/players/player10/HBD.csv,4,3,-1,-1,-1
cakes/tournament/players/player10/HBD.csv,4,4,-1,-1,-1
cakes/tournament/players/player10/HBD.csv,4,5,-1,-1,-1
cakes/tournament/players/player10/HBD.csv,4,6,-1,-1,-1
cakes/tournament/players/player10/HBD.csv,4,7,-1,-1,-1
cakes/tournament/players/player10/HBD.csv,4,8,-1,-1,-1
cakes/tournament/players/player10/HBD.csv,4,9,-1,-1,-1
cakes/tournament/players/player10/HBD.csv,4,10,-1,-1,-1
cakes/tournament/players/player10/HBD.csv,7,1,-1,-1,-1
cakes/tournament/players/player10/HBD.csv,7,2,-1,-1,-1
cakes/tournament/players/player10/HBD.csv,7,3,-1,-1,-1
cakes/tournament/players/player10/HBD.csv,7,4,-1,-1,-1
cakes/tournament/players/player10/HBD.csv,7,5,-1,-1,-1
cakes/tournament/players/player10/HBD.csv,7,6,-1,-1,-1
cakes/tournament/players/player10/HBD.csv,7,7,-1,-1,-1
cakes/tournament/players/player10/HBD.csv,7,8,-1,-1,-1
cakes/tournament/players/player10/HBD.csv,7,9,-1,-1,-1
cakes/tournament/players/player10/HBD.csv,7,10,-1,-1,-1
cakes/tournament/players/player10/star.csv,4,1,0.0026,0.0008,7.5394
cakes/tournament/players/player10/star.csv,4,2,0.4862,0.5147,10.0346
cakes/tournament/players/player10/star.csv,4,3,0.0831,2.4527,13.8293
cakes/tournament/players/player10/star.csv,4,4,0.0000,0.0000,11.8450
cakes/tournament/players/player10/star.csv,4,5,0.1421,9.2281,6.1771
cakes/tournament/players/player10/star.csv,4,6,0.0006,0.0001,26.3487
cakes/tournament/players/player10/star.csv,4,7,-1,-1,-1
cakes/tournament/players/player10/star.csv,4,8,0.5583,11.5045,78.1604
cakes/tournament/players/player10/star.csv,4,9,0.1681,1.6462,42.4858
cakes/tournament/players/player10/star.csv,4,10,0.0000,0.0001,42.8608
cakes/tournament/players/player10/star.csv,6,1,0.0009,4.0966,11.7353
cakes/tournament/players/player10/star.csv,6,2,0.4145,6.6052,24.2569
cakes/tournament/players/player10/star.csv,6,3,0.1837,2.2808,19.9977
cakes/tournament/players/player10/star.csv,6,4,0.0378,17.4463,17.6763
cakes/tournament/players/player10/star.csv,6,5,0.3358,5.7425,8.0307
cakes/tournament/players/player10/star.csv,6,6,0.4898,0.4524,42.9245
cakes/tournament/players/player10/star.csv,6,7,-1,-1,-1
cakes/tournament/players/player10/star.csv,6,8,0.4661,10.3719,139.8549
cakes/tournament/players/player10/star.csv,6,9,0.1600,1.9861,94.5475
cakes/tournament/players/player10/star.csv,6,10,0.0000,0.0021,50.0899
cakes/tournament/players/player10/star.csv,9,1,0.0219,6.8736,16.9262
cakes/tournament/players/player10/star.csv,9,2,0.3969,4.2421,41.2451
cakes/tournament/players/player10/star.csv,9,3,0.3230,2.5525,34.4102
cakes/tournament/players/player10/star.csv,9,4,0.0735,21.8536,60.7791
cakes/tournament/players/player10/star.csv,9,5,0.4550,11.8974,10.6669
cakes/tournament/players/player10/star.csv,9,6,0.4900,2.5795,65.9832
cakes/tournament/players/player10/star.csv,9,7,0.4903,3.7980,96.7094
cakes/tournament/players/player10/star.csv,9,8,0.7066,16.3055,251.1604
cakes/tournament/players/player10/star.csv,9,9,0.1440,2.8592,184.5953
cakes/tournament/players/player10/star.csv,9,10,0.0000,2.6252,112.8303
cakes/tournament/players/player10/weirdS.csv,8,1,0.0014,3.4230,17.9777
cakes/tournament/players/player10/weirdS.csv,8,2,0.4443,3.4779,20.8863
cakes/tournament/players/player10/weirdS.csv,8,3,0.2933,1.4085,31.7559
cakes/tournament/players/player10/weirdS.csv,8,4,0.1023,6.7237,159.6653
cakes/tournament/players/player10/weirdS.csv,8,5,12.3116,5.2613,11.1378
cakes/tournament/players/player10/weirdS.csv,8,6,0.4619,4.0513,71.8344
cakes/tournament/players/player10/weirdS.csv,8,7,0.4987,4.3407,95.5653
cakes/tournament/players/player10/weirdS.csv,8,8,0.4800,3.2570,177.8958
cakes/tournament/players/player10/weirdS.csv,8,9,0.3292,1.6573,155.1766
cakes/tournament/players/player10/weirdS.csv,8,10,0.0000,2.7808,110.1611
cakes/tournament/players/player10/weirdS.csv,11,1,0.0015,3.5664,25.5584
cakes/tournament/players/player10/weirdS.csv,11,2,1.3817,13.5435,24.6242
cakes/tournament/players/player10/weirdS.csv,11,3,0.3647,4.6321,48.3609
cakes/tournament/players/player10/weirdS.csv,11,4,0.0819,5.5218,149.7789
cakes/tournament/players/player10/weirdS.csv,11,5,0.4802,4.9016,11.8691
cakes/tournament/players/player10/weirdS.csv,11,6,0.4900,6.0317,102.8878
cakes/tournament/players/player10/weirdS.csv,11,7,0.4408,4.5651,149.4578
cakes/tournament/players/player10/weirdS.csv,11,8,0.3556,5.5932,251.5632
cakes/tournament/players/player10/weirdS.csv,11,9,0.2892,1.9090,254.7799
cakes/tournament/players/player10/weirdS.csv,11,10,0.0001,4.0027,272.1290
cakes/tournament/players/player10/weirdS.csv,17,1,0.0018,4.2008,37.8713
cakes/tournament/players/player10/weirdS.csv,17,2,0.4759,4.9074,68.8549
cakes/tournament/players/player10/weirdS.csv,17,3,0.3753,4.2920,71.7906
cakes/tournament/players/player10/weirdS.csv,17,4,-1,-1,300.0000
cakes/tournament/players/player10/weirdS.csv,17,5,13.7332,13.8734,18.4630
cakes/tournament/players/player10/weirdS.csv,17,6,0.4900,5.4984,147.9129
cakes/tournament/players/player10/weirdS.csv,17,7,0.4921,4.6972,236.2993
cakes/tournament/players/player10/weirdS.csv,17,8,-1,-1,300.0000
cakes/tournament/players/player10/weirdS.csv,17,9,-1,-1,300.0000
cakes/tournament/players/player10/weirdS.csv,17,10,0.0112,5.1105,268.4470
cakes/tournament/players/player2/bolt.csv,6,1,0.0215,3.4988,12.0685
cakes/tournament/players/player2/bolt.csv,6,2,0.2922,12.9045,7.6212
cakes/tournament/players/player2/bolt.csv,6,3,0.1871,1.4263,19.2726
cakes/tournament/players/player2/bolt.csv,6,4,0.1458,13.9738,39.5762
cakes/tournament/players/player2/bolt.csv,6,5,55.2020,24.2232,6.0711
cakes/tournament/players/player2/bolt.csv,6,6,0.4899,1.8711,45.6939
cakes/tournament/players/player2/bolt.csv,6,7,0.4773,10.6628,57.3381
cakes/tournament/players/player2/bolt.csv,6,8,0.5513,3.4824,145.5722
cakes/tournament/players/player2/bolt.csv,6,9,0.1886,1.7968,91.8863
cakes/tournament/players/player2/bolt.csv,6,10,0.0001,5.3318,233.7062
cakes/tournament/players/player2/bolt.csv,9,1,0.0017,14.2221,17.7377
cakes/tournament/players/player2/bolt.csv,9,2,0.3548,12.4300,16.2255
cakes/tournament/players/player2/bolt.csv,9,3,0.3104,4.5987,26.6586
cakes/tournament/players/player2/bolt.csv,9,4,0.0841,17.1949,35.6745
cakes/tournament/players/player2/bolt.csv,9,5,0.4660,9.4468,8.8701
cakes/tournament/players/player2/bolt.csv,9,6,0.4899,13.7162,68.2218
cakes/tournament/players/player2/bolt.csv,9,7,0.4791,8.4955,92.6640
cakes/tournament/players/player2/bolt.csv,9,8,0.3362,13.9257,238.8933
cakes/tournament/players/player2/bolt.csv,9,9,0.2413,14.6114,185.1269
cakes/tournament/players/player2/bolt.csv,9,10,0.0002,7.9954,251.4219
cakes/tournament/players/player2/bolt.csv,13,1,0.0015,19.0426,26.7076
cakes/tournament/players/player2/bolt.csv,13,2,0.4160,9.1127,51.3905
cakes/tournament/players/player2/bolt.csv,13,3,0.3760,14.9835,58.7282
cakes/tournament/players/player2/bolt.csv,13,4,0.0591,21.0710,114.2411
cakes/tournament/players/player2/bolt.csv,13,5,0.4835,18.4576,10.9290
cakes/tournament/players/player2/bolt.csv,13,6,0.4900,13.6233,101.1473
cakes/tournament/players/player2/bolt.csv,13,7,0.4864,14.3088,170.0608
cakes/tournament/players/player2/bolt.csv,13,8,-1,-1,300.0000
cakes/tournament/players/player2/bolt.csv,13,9,-1,-1,300.0000
cakes/tournament/players/player2/bolt.csv,13,10,0.0002,12.4124,244.3691
cakes/tournament/players/player2/heart.csv,10,1,0.0193,2.0991,20.2097
cakes/tournament/players/player2/heart.csv,10,2,0.4435,2.2530,67.0859
cakes/tournament/players/player2/heart.csv,10,3,0.2309,0.5419,42.8706
cakes/tournament/players/player2/heart.csv,10,4,-1,-1,300.0000
cakes/tournament/players/player2/heart.csv,10,5,36.0392,11.2535,9.2088
cakes/tournament/players/player2/heart.csv,10,6,0.4899,4.4778,72.8532
cakes/tournament/players/player2/heart.csv,10,7,0.4549,1.5985,110.2721
cakes/tournament/players/player2/heart.csv,10,8,-1,-1,300.0000
cakes/tournament/players/player2/heart.csv,10,9,0.3329,1.2576,252.0313
cakes/tournament/players/player2/heart.csv,10,10,0.0000,0.0013,53.6363
cakes/tournament/players/player2/heart.csv,13,1,0.0211,2.2778,26.7902
cakes/tournament/players/player2/heart.csv,13,2,0.3773,2.4242,171.7427
cakes/tournament/players/player2/heart.csv,13,3,0.3479,0.0922,53.1808
cakes/tournament/players/player2/heart.csv,13,4,-1,-1,300.0000
cakes/tournament/players/player2/heart.csv,13,5,0.4437,7.6773,12.1674
cakes/tournament/players/player2/heart.csv,13,6,0.4899,1.2290,96.1364
cakes/tournament/players/player2/heart.csv,13,7,0.4615,1.8979,169.2176
cakes/tournament/players/player2/heart.csv,13,8,-1,-1,300.0000
cakes/tournament/players/player2/heart.csv,13,9,-1,-1,300.0000
cakes/tournament/players/player2/heart.csv,13,10,0.0001,0.0245,97.1160
cakes/tournament/players/player2/heart.csv,20,1,0.0018,6.8683,41.4183
cakes/tournament/players/player2/heart.csv,20,2,0.4537,2.8754,283.4419
cakes/tournament/players/player2/heart.csv,20,3,0.2582,0.4694,100.9453
cakes/tournament/players/player2/heart.csv,20,4,-1,-1,300.0000
cakes/tournament/players/player2/heart.csv,20,5,0.4843,11.6876,16.1781
cakes/tournament/players/player2/heart.csv,20,6,0.4900,7.2742,149.2690
cakes/tournament/players/player2/heart.csv,20,7,-1,-1,300.0000
cakes/tournament/players/player2/heart.csv,20,8,-1,-1,300.0000
cakes/tournament/players/player2/heart.csv,20,9,-1,-1,300.0000
cakes/tournament/players/player2/heart.csv,20,10,0.0002,0.0030,52.6310
cakes/tournament/players/player2/princess.csv,9,1,0.0014,14.4126,20.9479
cakes/tournament/players/player2/princess.csv,9,2,0.4238,18.0446,76.0522
cakes/tournament/players/player2/princess.csv,9,3,0.1416,7.1589,33.6829
cakes/tournament/players/player2/princess.csv,9,4,0.1088,20.0340,60.7869
cakes/tournament/players/player2/princess.csv,9,5,0.4235,16.9282,14.6696
cakes/tournament/players/player2/princess.csv,9,6,0.4900,11.4411,85.7153
cakes/tournament/players/player2/princess.csv,9,7,0.4804,14.3531,110.5584
cakes/tournament/players/player2/princess.csv,9,8,0.6374,12.3090,240.0429
cakes/tournament/players/player2/princess.csv,9,9,0.3499,8.1701,213.2755
cakes/tournament/players/player2/princess.csv,9,10,0.0001,17.7797,272.1758
cakes/tournament/players/player2/princess.csv,12,1,0.0014,18.3695,29.0188
cakes/tournament/players/player2/princess.csv,12,2,0.4434,12.5608,252.3465
cakes/tournament/players/player2/princess.csv,12,3,0.3059,14.1847,63.3375
cakes/tournament/players/player2/princess.csv,12,4,-1,-1,300.0000
cakes/tournament/players/player2/princess.csv,12,5,0.4497,18.7385,20.2231
cakes/tournament/players/player2/princess.csv,12,6,0.4900,12.9117,112.8120
cakes/tournament/players/player2/princess.csv,12,7,0.4772,10.5471,166.7862
cakes/tournament/players/player2/princess.csv,12,8,-1,-1,300.0000
cakes/tournament/players/player2/princess.csv,12,9,-1,-1,300.0000
cakes/tournament/players/player2/princess.csv,12,10,0.0000,19.9657,272.7980
cakes/tournament/players/player2/princess.csv,18,1,0.0018,18.3002,40.1425
cakes/tournament/players/player2/princess.csv,18,2,-1,-1,300.0000
cakes/tournament/players/player2/princess.csv,18,3,0.3833,15.3468,81.0430
cakes/tournament/players/player2/princess.csv,18,4,-1,-1,300.0000
cakes/tournament/players/player2/princess.csv,18,5,16.3863,23.9549,29.7682
cakes/tournament/players/player2/princess.csv,18,6,0.4900,17.7688,163.2241
cakes/tournament/players/player2/princess.csv,18,7,0.4963,17.6946,282.5468
cakes/tournament/players/player2/princess.csv,18,8,-1,-1,300.0000
cakes/tournament/players/player2/princess.csv,18,9,-1,-1,300.0000
cakes/tournament/players/player2/princess.csv,18,10,0.0002,20.1622,260.2898
cakes/tournament/players/player2/star.csv,6,1,0.0196,4.1070,11.5344
cakes/tournament/players/player2/star.csv,6,2,0.3598,3.3673,27.0640
cakes/tournament/players/player2/star.csv,6,3,0.3342,2.4469,20.8554
cakes/tournament/players/player2/star.csv,6,4,0.0776,16.4633,14.6641
cakes/tournament/players/player2/star.csv,6,5,0.4540,4.4788,7.5268
cakes/tournament/players/player2/star.csv,6,6,0.4894,1.6970,40.2586
cakes/tournament/players/player2/star.csv,6,7,0.3975,0.4293,62.3529
cakes/tournament/players/player2/star.csv,6,8,0.2751,7.6601,175.3921
cakes/tournament/players/player2/star.csv,6,9,0.2229,2.0514,98.3471
cakes/tournament/players/player2/star.csv,6,10,0.0000,0.0004,57.4023
cakes/tournament/players/player2/star.csv,8,1,0.0015,5.1461,15.7040
cakes/tournament/players/player2/star.csv,8,2,0.4640,10.6819,52.9284
cakes/tournament/players/player2/star.csv,8,3,0.0271,1.6330,28.3106
cakes/tournament/players/player2/star.csv,8,4,0.0979,10.7070,24.6760
cakes/tournament/players/player2/star.csv,8,5,41.2298,17.0486,8.7442
cakes/tournament/players/player2/star.csv,8,6,0.4881,1.6104,57.7889
cakes/tournament/players/player2/star.csv,8,7,0.4668,5.5823,99.9910
cakes/tournament/players/player2/star.csv,8,8,0.1965,8.3637,250.4964
cakes/tournament/players/player2/star.csv,8,9,0.2371,3.1025,168.4880
cakes/tournament/players/player2/star.csv,8,10,0.0000,0.0015,59.1920
cakes/tournament/players/player2/star.csv,12,1,0.0018,8.4621,23.9586
cakes/tournament/players/player2/star.csv,12,2,0.4616,3.1712,108.0752
cakes/tournament/players/player2/star.csv,12,3,0.3668,0.2128,46.8812
cakes/tournament/players/player2/star.csv,12,4,0.0684,20.9880,95.0666
cakes/tournament/players/player2/star.csv,12,5,8.1079,16.9428,11.2583
cakes/tournament/players/player2/star.csv,12,6,0.4871,1.1238,86.5616
cakes/tournament/players/player2/star.csv,12,7,0.4851,1.5730,171.6054
cakes/tournament/players/player2/star.csv,12,8,-1,-1,300.0000
cakes/tournament/players/player2/star.csv,12,9,-1,-1,300.0000
cakes/tournament/players/player2/star.csv,12,10,0.0002,0.0040,94.5547
cakes/tournament/players/player2/yankees.csv,21,1,-1,-1,300.0000
cakes/tournament/players/player2/yankees.csv,21,2,-1,-1,300.0000
cakes/tournament/players/player2/yankees.csv,21,3,-1,-1,300.0000
cakes/tournament/players/player2/yankees.csv,21,4,-1,-1,300.0000
cakes/tournament/players/player2/yankees.csv,21,5,-1,-1,300.0000
cakes/tournament/players/player2/yankees.csv,21,6,-1,-1,300.0000
cakes/tournament/players/player2/yankees.csv,21,7,-1,-1,300.0000
cakes/tournament/players/player2/yankees.csv,21,8,-1,-1,300.0000
cakes/tournament/players/player2/yankees.csv,21,9,-1,-1,300.0000
cakes/tournament/players/player2/yankees.csv,21,10,-1,-1,300.0000
cakes/tournament/players/player2/yankees.csv,28,1,-1,-1,300.0000
cakes/tournament/players/player2/yankees.csv,28,2,-1,-1,300.0000
cakes/tournament/players/player2/yankees.csv,28,3,-1,-1,300.0000
cakes/tournament/players/player2/yankees.csv,28,4,-1,-1,300.0000
cakes/tournament/players/player2/yankees.csv,28,5,-1,-1,300.0000
cakes/tournament/players/player2/yankees.csv,28,6,-1,-1,300.0000
cakes/tournament/players/player2/yankees.csv,28,7,-1,-1,300.0000
cakes/tournament/players/player2/yankees.csv,28,8,-1,-1,300.0000
cakes/tournament/players/player2/yankees.csv,28,9,-1,-1,300.0000
cakes/tournament/players/player2/yankees.csv,28,10,-1,-1,300.0000
cakes/tournament/players/player2/yankees.csv,43,1,-1,-1,300.0000
cakes/tournament/players/player2/yankees.csv,43,2,-1,-1,300.0000
cakes/tournament/players/player2/yankees.csv,43,3,-1,-1,300.0000
cakes/tournament/players/player2/yankees.csv,43,4,-1,-1,300.0000
cakes/tournament/players/player2/yankees.csv,43,5,-1,-1,300.0000
cakes/tournament/players/player2/yankees.csv,43,6,-1,-1,300.0000
cakes/tournament/players/player2/yankees.csv,43,7,-1,-1,300.0000
cakes/tournament/players/player2/yankees.csv,43,8,-1,-1,300.0000
cakes/tournament/players/player2/yankees.csv,43,9,-1,-1,300.0000
cakes/tournament/players/player2/yankees.csv,43,10,-1,-1,300.0000
cakes/tournament/players/player3/electric_guitar.csv,4,1,0.0211,3.3561,7.3887
cakes/tournament/players/player3/electric_guitar.csv,4,2,0.2222,23.5486,10.4968
cakes/tournament/players/player3/electric_guitar.csv,4,3,0.2300,5.4783,19.1799
cakes/tournament/players/player3/electric_guitar.csv,4,4,0.0982,20.8130,9.9583
cakes/tournament/players/player3/electric_guitar.csv,4,5,0.3739,12.0622,4.9153
cakes/tournament/players/player3/electric_guitar.csv,4,6,0.4898,3.5548,26.2997
cakes/tournament/players/player3/electric_guitar.csv,4,7,0.4722,6.1909,40.5363
cakes/tournament/players/player3/electric_guitar.csv,4,8,0.5504,4.8283,75.8595
cakes/tournament/players/player3/electric_guitar.csv,4,9,0.0527,9.4715,36.5758
cakes/tournament/players/player3/electric_guitar.csv,4,10,0.0000,21.5824,243.0020
cakes/tournament/players/player3/electric_guitar.csv,6,1,0.0200,13.9503,11.4770
cakes/tournament/players/player3/electric_guitar.csv,6,2,0.3560,18.3264,26.5405
cakes/tournament/players/player3/electric_guitar.csv,6,3,0.2992,10.5983,25.6148
cakes/tournament/players/player3/electric_guitar.csv,6,4,0.1444,23.6380,15.1653
cakes/tournament/players/player3/electric_guitar.csv,6,5,0.4671,15.2947,7.5190
cakes/tournament/players/player3/electric_guitar.csv,6,6,0.4897,9.1111,42.9395
cakes/tournament/players/player3/electric_guitar.csv,6,7,0.4715,8.5243,56.1733
cakes/tournament/players/player3/electric_guitar.csv,6,8,0.3732,10.5280,143.6879
cakes/tournament/players/player3/electric_guitar.csv,6,9,0.1542,14.7189,81.9897
cakes/tournament/players/player3/electric_guitar.csv,6,10,0.0002,2.9650,185.3152
cakes/tournament/players/player3/electric_guitar.csv,9,1,0.0018,9.5339,18.4061
cakes/tournament/players/player3/electric_guitar.csv,9,2,0.3684,18.4718,85.6550
cakes/tournament/players/player3/electric_guitar.csv,9,3,0.3935,6.0900,31.3925
cakes/tournament/players/player3/electric_guitar.csv,9,4,0.1026,26.6406,23.9037
cakes/tournament/players/player3/electric_guitar.csv,9,5,0.4470,18.1190,9.9450
cakes/tournament/players/player3/electric_guitar.csv,9,6,0.4900,26.2326,66.9509
cakes/tournament/players/player3/electric_guitar.csv,9,7,0.4447,9.9056,111.1359
cakes/tournament/players/player3/electric_guitar.csv,9,8,0.4746,9.5537,240.3296
cakes/tournament/players/player3/electric_guitar.csv,9,9,0.1188,17.8968,183.3425
cakes/tournament/players/player3/electric_guitar.csv,9,10,0.0000,14.0452,233.1360
cakes/tournament/players/player3/minecraft_sword.csv,8,1,0.0208,4.8434,21.4403
cakes/tournament/players/player3/minecraft_sword.csv,8,2,0.3933,12.4722,107.2221
cakes/tournament/players/player3/minecraft_sword.csv,8,3,0.3022,5.8226,29.6839
cakes/tournament/players/player3/minecraft_sword.csv,8,4,0.1201,6.5716,65.6537
cakes/tournament/players/player3/minecraft_sword.csv,8,5,0.4769,6.6751,20.4068
cakes/tournament/players/player3/minecraft_sword.csv,8,6,0.4881,4.1916,95.5465
cakes/tournament/players/player3/minecraft_sword.csv,8,7,-1,-1,-1
cakes/tournament/players/player3/minecraft_sword.csv,8,8,0.2746,5.3398,214.9230
cakes/tournament/players/player3/minecraft_sword.csv,8,9,0.3320,16.9369,169.3625
cakes/tournament/players/player3/minecraft_sword.csv,8,10,0.0001,5.1527,275.4614
cakes/tournament/players/player3/minecraft_sword.csv,11,1,0.0013,7.6704,28.2958
cakes/tournament/players/player3/minecraft_sword.csv,11,2,0.3714,12.2186,70.0367
cakes/tournament/players/player3/minecraft_sword.csv,11,3,0.3996,4.5922,54.0972
cakes/tournament/players/player3/minecraft_sword.csv,11,4,0.0876,12.0797,164.2150
cakes/tournament/players/player3/minecraft_sword.csv,11,5,33.2701,12.7657,24.3077
cakes/tournament/players/player3/minecraft_sword.csv,11,6,0.4899,6.1794,123.9328
cakes/tournament/players/player3/minecraft_sword.csv,11,7,0.4036,5.5796,124.0828
cakes/tournament/players/player3/minecraft_sword.csv,11,8,-1,-1,300.0000
cakes/tournament/players/player3/minecraft_sword.csv,11,9,0.3135,7.8324,285.5610
cakes/tournament/players/player3/minecraft_sword.csv,11,10,0.0001,5.2474,276.7265
cakes/tournament/players/player3/minecraft_sword.csv,16,1,0.0217,5.2974,38.0994
cakes/tournament/players/player3/minecraft_sword.csv,16,2,-1,-1,300.0000
cakes/tournament/players/player3/minecraft_sword.csv,16,3,0.3569,9.1048,68.0142
cakes/tournament/players/player3/minecraft_sword.csv,16,4,0.0526,14.1544,93.6830
cakes/tournament/players/player3/minecraft_sword.csv,16,5,0.4875,10.1277,27.6035
cakes/tournament/players/player3/minecraft_sword.csv,16,6,0.4900,4.7405,163.0396
cakes/tournament/players/player3/minecraft_sword.csv,16,7,-1,-1,-1
cakes/tournament/players/player3/minecraft_sword.csv,16,8,-1,-1,-1
cakes/tournament/players/player3/minecraft_sword.csv,16,9,-1,-1,300.0000
cakes/tournament/players/player3/minecraft_sword.csv,16,10,0.0002,7.3246,273.8258
cakes/tournament/players/player3/star.csv,3,1,-1,-1,-1
cakes/tournament/players/player3/star.csv,3,2,-1,-1,-1
cakes/tournament/players/player3/star.csv,3,3,-1,-1,-1
cakes/tournament/players/player3/star.csv,3,4,-1,-1,-1
cakes/tournament/players/player3/star.csv,3,5,-1,-1,-1
cakes/tournament/players/player3/star.csv,3,6,-1,-1,-1
cakes/tournament/players/player3/star.csv,3,7,-1,-1,-1
cakes/tournament/players/player3/star.csv,3,8,-1,-1,-1
cakes/tournament/players/player3/star.csv,3,9,-1,-1,-1
cakes/tournament/players/player3/star.csv,3,10,-1,-1,-1
cakes/tournament/players/player3/star.csv,5,1,0.0016,4.5486,9.4476
cakes/tournament/players/player3/star.csv,5,2,0.3766,4.8055,13.4459
cakes/tournament/players/player3/star.csv,5,3,0.0610,0.8333,20.8585
cakes/tournament/players/player3/star.csv,5,4,0.1926,23.5493,12.6566
cakes/tournament/players/player3/star.csv,5,5,0.4841,2.6178,4.2082
cakes/tournament/players/player3/star.csv,5,6,0.4811,3.5454,35.4690
cakes/tournament/players/player3/star.csv,5,7,0.4925,1.1335,64.2208
cakes/tournament/players/player3/star.csv,5,8,0.1741,6.8466,129.8390
cakes/tournament/players/player3/star.csv,5,9,0.1076,6.3369,56.5024
cakes/tournament/players/player3/star.csv,5,10,0.0000,0.9129,92.6538
cakes/tournament/players/player3/star.csv,7,1,0.0207,3.4517,13.5415
cakes/tournament/players/player3/star.csv,7,2,0.3209,6.6464,23.4223
cakes/tournament/players/player3/star.csv,7,3,0.3858,1.5150,25.2669
cakes/tournament/players/player3/star.csv,7,4,0.0993,25.6226,17.8284
cakes/tournament/players/player3/star.csv,7,5,0.4485,6.8657,4.7889
cakes/tournament/players/player3/star.csv,7,6,0.4802,7.0190,45.9063
cakes/tournament/players/player3/star.csv,7,7,0.4782,2.4064,66.0553
cakes/tournament/players/player3/star.csv,7,8,0.1296,7.7896,192.2339
cakes/tournament/players/player3/star.csv,7,9,0.1317,1.0277,110.0726
cakes/tournament/players/player3/star.csv,7,10,0.0001,0.0009,53.3606
cakes/tournament/players/player4/hilbert_challenging.csv,19,1,0.0019,1.6570,51.0550
cakes/tournament/players/player4/hilbert_challenging.csv,19,2,1.7823,7.4028,23.5091
cakes/tournament/players/player4/hilbert_challenging.csv,19,3,0.4806,2.9911,166.7849
cakes/tournament/players/player4/hilbert_challenging.csv,19,4,0.0519,2.3649,263.2604
cakes/tournament/players/player4/hilbert_challenging.csv,19,5,49.4466,6.0668,50.7684
cakes/tournament/players/player4/hilbert_challenging.csv,19,6,0.4900,2.4417,250.4845
cakes/tournament/players/player4/hilbert_challenging.csv,19,7,-1,-1,300.0000
cakes/tournament/players/player4/hilbert_challenging.csv,19,8,-1,-1,300.0000
cakes/tournament/players/player4/hilbert_challenging.csv,19,9,-1,-1,300.0000
cakes/tournament/players/player4/hilbert_challenging.csv,19,10,0.0588,4.3538,278.9359
cakes/tournament/players/player4/hilbert_challenging.csv,25,1,0.0018,3.1275,63.0049
cakes/tournament/players/player4/hilbert_challenging.csv,25,2,2.9601,2.9937,35.2354
cakes/tournament/players/player4/hilbert_challenging.csv,25,3,0.3614,1.8875,138.9624
cakes/tournament/players/player4/hilbert_challenging.csv,25,4,-1,-1,300.0000
cakes/tournament/players/player4/hilbert_challenging.csv,25,5,28.3291,10.2093,65.1747
cakes/tournament/players/player4/hilbert_challenging.csv,25,6,0.4900,4.1938,276.1727
cakes/tournament/players/player4/hilbert_challenging.csv,25,7,-1,-1,300.0000
cakes/tournament/players/player4/hilbert_challenging.csv,25,8,-1,-1,300.0000
cakes/tournament/players/player4/hilbert_challenging.csv,25,9,-1,-1,300.0000
cakes/tournament/players/player4/hilbert_challenging.csv,25,10,0.0001,2.6483,130.8263
cakes/tournament/players/player4/hilbert_challenging.csv,38,1,0.0017,1.7273,91.0279
cakes/tournament/players/player4/hilbert_challenging.csv,38,2,1.0805,9.6517,60.9509
cakes/tournament/players/player4/hilbert_challenging.csv,38,3,0.5671,2.4877,269.7520
cakes/tournament/players/player4/hilbert_challenging.csv,38,4,-1,-1,300.0000
cakes/tournament/players/player4/hilbert_challenging.csv,38,5,20.3640,15.8220,70.1057
cakes/tournament/players/player4/hilbert_challenging.csv,38,6,-1,-1,300.0000
cakes/tournament/players/player4/hilbert_challenging.csv,38,7,-1,-1,-1
cakes/tournament/players/player4/hilbert_challenging.csv,38,8,-1,-1,300.0000
cakes/tournament/players/player4/hilbert_challenging.csv,38,9,-1,-1,300.0000
cakes/tournament/players/player4/hilbert_challenging.csv,38,10,0.0227,5.4229,275.4681
cakes/tournament/players/player4/mushroom_basic.csv,6,1,0.0009,1.6053,11.4181
cakes/tournament/players/player4/mushroom_basic.csv,6,2,0.4444,0.9504,18.0926
cakes/tournament/players/player4/mushroom_basic.csv,6,3,0.3491,0.1973,22.7562
cakes/tournament/players/player4/mushroom_basic.csv,6,4,0.3345,0.3027,0.2237
cakes/tournament/players/player4/mushroom_basic.csv,6,5,0.3610,12.1619,4.7624
cakes/tournament/players/player4/mushroom_basic.csv,6,6,0.4712,0.8797,41.6597
cakes/tournament/players/player4/mushroom_basic.csv,6,7,0.4491,0.1077,56.5148
cakes/tournament/players/player4/mushroom_basic.csv,6,8,0.2636,6.2789,177.2128
cakes/tournament/players/player4/mushroom_basic.csv,6,9,0.2337,4.0187,84.0432
cakes/tournament/players/player4/mushroom_basic.csv,6,10,0.0000,0.0009,47.3269
cakes/tournament/players/player4/mushroom_basic.csv,9,1,0.0211,1.9699,17.8351
cakes/tournament/players/player4/mushroom_basic.csv,9,2,0.3821,4.4054,50.1084
cakes/tournament/players/player4/mushroom_basic.csv,9,3,0.3677,0.4962,35.7072
cakes/tournament/players/player4/mushroom_basic.csv,9,4,0.0888,9.0178,67.9567
cakes/tournament/players/player4/mushroom_basic.csv,9,5,12.4267,10.7700,6.1201
cakes/tournament/players/player4/mushroom_basic.csv,9,6,0.4900,1.0129,68.2163
cakes/tournament/players/player4/mushroom_basic.csv,9,7,0.4744,1.9934,104.2612
cakes/tournament/players/player4/mushroom_basic.csv,9,8,-1,-1,300.0000
cakes/tournament/players/player4/mushroom_basic.csv,9,9,0.1790,0.4708,204.2449
cakes/tournament/players/player4/mushroom_basic.csv,9,10,0.0000,0.0023,53.3203
cakes/tournament/players/player4/mushroom_basic.csv,13,1,0.0219,4.0115,26.3552
cakes/tournament/players/player4/mushroom_basic.csv,13,2,0.3950,2.6809,123.3438
cakes/tournament/players/player4/mushroom_basic.csv,13,3,0.2961,0.2512,56.8749
cakes/tournament/players/player4/mushroom_basic.csv,13,4,0.0708,13.3907,122.4097
cakes/tournament/players/player4/mushroom_basic.csv,13,5,13.7843,11.5697,7.9116
cakes/tournament/players/player4/mushroom_basic.csv,13,6,0.4899,1.1527,98.2623
cakes/tournament/players/player4/mushroom_basic.csv,13,7,0.4885,1.8473,158.0102
cakes/tournament/players/player4/mushroom_basic.csv,13,8,-1,-1,300.0000
cakes/tournament/players/player4/mushroom_basic.csv,13,9,-1,-1,300.0000
cakes/tournament/players/player4/mushroom_basic.csv,13,10,0.0000,0.0035,55.0311
cakes/tournament/players/player4/rectangle.csv,10,1,0.0214,3.1188,18.4078
cakes/tournament/players/player4/rectangle.csv,10,2,0.3495,1.2350,79.9237
cakes/tournament/players/player4/rectangle.csv,10,3,0.1861,0.0525,44.4369
cakes/tournament/players/player4/rectangle.csv,10,4,0.0044,9.0810,2.1741
cakes/tournament/players/player4/rectangle.csv,10,5,20.6778,21.2152,11.1738
cakes/tournament/players/player4/rectangle.csv,10,6,0.4899,1.3928,69.1472
cakes/tournament/players/player4/rectangle.csv,10,7,0.4163,0.2234,119.0146
cakes/tournament/players/player4/rectangle.csv,10,8,-1,-1,300.0000
cakes/tournament/players/player4/rectangle.csv,10,9,0.2858,6.0801,166.9948
cakes/tournament/players/player4/rectangle.csv,10,10,0.0001,0.0019,44.4759
cakes/tournament/players/player4/rectangle.csv,13,1,0.0215,2.2196,24.4311
cakes/tournament/players/player4/rectangle.csv,13,2,0.4483,4.1414,146.2064
cakes/tournament/players/player4/rectangle.csv,13,3,0.3845,0.9847,51.5167
cakes/tournament/players/player4/rectangle.csv,13,4,-1,-1,300.0000
cakes/tournament/players/player4/rectangle.csv,13,5,27.0343,12.0584,11.9985
cakes/tournament/players/player4/rectangle.csv,13,6,0.4900,1.2282,91.0551
cakes/tournament/players/player4/rectangle.csv,13,7,0.4524,2.6760,162.0768
cakes/tournament/players/player4/rectangle.csv,13,8,-1,-1,300.0000
cakes/tournament/players/player4/rectangle.csv,13,9,-1,-1,300.0000
cakes/tournament/players/player4/rectangle.csv,13,10,0.0002,0.8441,92.1390
cakes/tournament/players/player4/rectangle.csv,20,1,0.0019,5.3126,37.8075
cakes/tournament/players/player4/rectangle.csv,20,2,-1,-1,300.0000
cakes/tournament/players/player4/rectangle.csv,20,3,0.3410,0.0734,119.4313
cakes/tournament/players/player4/rectangle.csv,20,4,0.0451,11.5761,9.6146
cakes/tournament/players/player4/rectangle.csv,20,5,19.2499,14.5864,15.4545
cakes/tournament/players/player4/rectangle.csv,20,6,0.4899,2.4245,138.4462
cakes/tournament/players/player4/rectangle.csv,20,7,0.4825,1.4594,277.5881
cakes/tournament/players/player4/rectangle.csv,20,8,-1,-1,300.0000
cakes/tournament/players/player4/rectangle.csv,20,9,-1,-1,300.0000
cakes/tournament/players/player4/rectangle.csv,20,10,0.0001,0.0038,43.8765
cakes/tournament/players/player4/rocket_creative.csv,6,1,0.0017,1.8947,11.5297
cakes/tournament/players/player4/rocket_creative.csv,6,2,0.4294,3.0234,23.6631
cakes/tournament/players/player4/rocket_creative.csv,6,3,0.2563,0.0534,21.6268
cakes/tournament/players/player4/rocket_creative.csv,6,4,0.0490,6.9501,0.2301
cakes/tournament/players/player4/rocket_creative.csv,6,5,0.3385,17.7915,7.0428
cakes/tournament/players/player4/rocket_creative.csv,6,6,0.4781,0.9304,42.5514
cakes/tournament/players/player4/rocket_creative.csv,6,7,0.4829,2.9857,58.0457
cakes/tournament/players/player4/rocket_creative.csv,6,8,0.2818,4.6068,168.4667
cakes/tournament/players/player4/rocket_creative.csv,6,9,0.1433,2.8443,87.4520
cakes/tournament/players/player4/rocket_creative.csv,6,10,0.0000,0.0001,53.6943
cakes/tournament/players/player4/rocket_creative.csv,9,1,0.0014,2.2755,18.2171
cakes/tournament/players/player4/rocket_creative.csv,9,2,0.2762,3.9269,97.6288
cakes/tournament/players/player4/rocket_creative.csv,9,3,0.3572,0.3997,35.7757
cakes/tournament/players/player4/rocket_creative.csv,9,4,0.0952,11.5815,25.4923
cakes/tournament/players/player4/rocket_creative.csv,9,5,0.4665,11.5381,8.2239
cakes/tournament/players/player4/rocket_creative.csv,9,6,0.4900,1.1168,65.0271
cakes/tournament/players/player4/rocket_creative.csv,9,7,0.4987,1.6767,91.8179
cakes/tournament/players/player4/rocket_creative.csv,9,8,0.2207,6.7124,298.1775
cakes/tournament/players/player4/rocket_creative.csv,9,9,0.2134,0.7178,208.3999
cakes/tournament/players/player4/rocket_creative.csv,9,10,0.0000,0.5048,95.4914
cakes/tournament/players/player4/rocket_creative.csv,13,1,0.0016,5.9895,25.7275
cakes/tournament/players/player4/rocket_creative.csv,13,2,0.4725,6.1907,202.6734
cakes/tournament/players/player4/rocket_creative.csv,13,3,0.3340,0.6780,59.0613
cakes/tournament/players/player4/rocket_creative.csv,13,4,-1,-1,300.0000
cakes/tournament/players/player4/rocket_creative.csv,13,5,4.1885,14.4147,10.9444
cakes/tournament/players/player4/rocket_creative.csv,13,6,0.4900,4.8691,100.9680
cakes/tournament/players/player4/rocket_creative.csv,13,7,0.4880,2.4108,215.5076
cakes/tournament/players/player4/rocket_creative.csv,13,8,-1,-1,300.0000
cakes/tournament/players/player4/rocket_creative.csv,13,9,-1,-1,300.0000
cakes/tournament/players/player4/rocket_creative.csv,13,10,0.0001,0.3126,96.0290
cakes/tournament/players/player4/square.csv,9,1,0.0201,2.4398,16.1570
cakes/tournament/players/player4/square.csv,9,2,2.4260,10.8831,11.2961
cakes/tournament/players/player4/square.csv,9,3,0.0881,1.0795,37.7480
cakes/tournament/players/player4/square.csv,9,4,-1,-1,300.0000
cakes/tournament/players/player4/square.csv,9,5,0.3194,11.7959,7.6262
cakes/tournament/players/player4/square.csv,9,6,0.4900,1.1699,61.7316
cakes/tournament/players/player4/square.csv,9,7,0.4802,5.7554,98.1133
cakes/tournament/players/player4/square.csv,9,8,-1,-1,300.0000
cakes/tournament/players/player4/square.csv,9,9,0.2691,1.2555,222.4955
cakes/tournament/players/player4/square.csv,9,10,0.0001,1.7484,92.3331
cakes/tournament/players/player4/square.csv,12,1,0.0190,1.5840,21.7640
cakes/tournament/players/player4/square.csv,12,2,0.4474,5.7666,171.7352
cakes/tournament/players/player4/square.csv,12,3,0.0569,0.0611,52.9306
cakes/tournament/players/player4/square.csv,12,4,0.0659,13.5535,5.7946
cakes/tournament/players/player4/square.csv,12,5,0.4264,9.5228,9.5191
cakes/tournament/players/player4/square.csv,12,6,0.4897,2.0683,90.4625
cakes/tournament/players/player4/square.csv,12,7,0.4718,2.1540,150.4534
cakes/tournament/players/player4/square.csv,12,8,-1,-1,300.0000
cakes/tournament/players/player4/square.csv,12,9,-1,-1,300.0000
cakes/tournament/players/player4/square.csv,12,10,0.0000,0.0013,35.4222
cakes/tournament/players/player4/square.csv,18,1,0.0018,6.7811,32.1107
cakes/tournament/players/player4/square.csv,18,2,-1,-1,300.0000
cakes/tournament/players/player4/square.csv,18,3,0.1588,0.0476,79.5799
cakes/tournament/players/player4/square.csv,18,4,-1,-1,300.0000
cakes/tournament/players/player4/square.csv,18,5,15.5588,18.2219,12.2109
cakes/tournament/players/player4/square.csv,18,6,0.4900,3.9510,124.0760
cakes/tournament/players/player4/square.csv,18,7,0.4957,4.4433,234.8704
cakes/tournament/players/player4/square.csv,18,8,-1,-1,300.0000
cakes/tournament/players/player4/square.csv,18,9,-1,-1,300.0000
cakes/tournament/players/player4/square.csv,18,10,0.0001,0.0048,44.8599
cakes/tournament/players/player5/complex.csv,7,1,0.0200,1.8001,14.0092
cakes/tournament/players/player5/complex.csv,7,2,0.3566,2.4322,173.2050
cakes/tournament/players/player5/complex.csv,7,3,0.3064,1.3864,31.2312
cakes/tournament/players/player5/complex.csv,7,4,-1,-1,300.0000
cakes/tournament/players/player5/complex.csv,7,5,0.4140,6.9758,11.1563
cakes/tournament/players/player5/complex.csv,7,6,0.4898,1.3761,59.1919
cakes/tournament/players/player5/complex.csv,7,7,0.4835,4.8378,56.9513
cakes/tournament/players/player5/complex.csv,7,8,0.3130,8.2693,283.2473
cakes/tournament/players/player5/complex.csv,7,9,0.2547,1.6810,164.4027
cakes/tournament/players/player5/complex.csv,7,10,0.0001,2.0761,91.8163
cakes/tournament/players/player5/complex.csv,10,1,0.0010,3.0383,20.7756
cakes/tournament/players/player5/complex.csv,10,2,0.3939,0.8500,160.7736
cakes/tournament/players/player5/complex.csv,10,3,0.0395,0.0622,45.8836
cakes/tournament/players/player5/complex.csv,10,4,0.0584,9.8058,88.4190
cakes/tournament/players/player5/complex.csv,10,5,0.4687,0.0468,12.3460
cakes/tournament/players/player5/complex.csv,10,6,0.4899,1.0882,82.8209
cakes/tournament/players/player5/complex.csv,10,7,0.4778,0.0533,90.0624
cakes/tournament/players/player5/complex.csv,10,8,-1,-1,300.0000
cakes/tournament/players/player5/complex.csv,10,9,0.2172,0.9351,264.1663
cakes/tournament/players/player5/complex.csv,10,10,0.0000,0.0016,49.8624
cakes/tournament/players/player5/complex.csv,15,1,0.0020,4.5884,31.1770
cakes/tournament/players/player5/complex.csv,15,2,0.4060,1.3598,229.8644
cakes/tournament/players/player5/complex.csv,15,3,0.2650,0.6245,67.7121
cakes/tournament/players/player5/complex.csv,15,4,-1,-1,300.0000
cakes/tournament/players/player5/complex.csv,15,5,10.8767,12.5622,16.5454
cakes/tournament/players/player5/complex.csv,15,6,0.4900,7.0458,120.5936
cakes/tournament/players/player5/complex.csv,15,7,0.4834,2.8602,160.0058
cakes/tournament/players/player5/complex.csv,15,8,-1,-1,300.0000
cakes/tournament/players/player5/complex.csv,15,9,-1,-1,300.0000
cakes/tournament/players/player5/complex.csv,15,10,0.0002,0.8641,90.3389
cakes/tournament/players/player5/cool.csv,5,1,0.0193,1.5418,8.7287
cakes/tournament/players/player5/cool.csv,5,2,0.2648,4.9571,15.0155
cakes/tournament/players/player5/cool.csv,5,3,0.3819,2.1408,20.2324
cakes/tournament/players/player5/cool.csv,5,4,-1,-1,300.0000
cakes/tournament/players/player5/cool.csv,5,5,17.2958,8.2277,3.1396
cakes/tournament/players/player5/cool.csv,5,6,0.4892,1.3210,29.7906
cakes/tournament/players/player5/cool.csv,5,7,0.4912,1.6544,54.9678
cakes/tournament/players/player5/cool.csv,5,8,0.3643,6.3948,150.1750
cakes/tournament/players/player5/cool.csv,5,9,0.0910,3.6031,59.2541
cakes/tournament/players/player5/cool.csv,5,10,0.0000,1.6921,93.2194
cakes/tournament/players/player5/cool.csv,6,1,0.0017,3.6334,11.3827
cakes/tournament/players/player5/cool.csv,6,2,0.3278,9.2549,25.9041
cakes/tournament/players/player5/cool.csv,6,3,0.3055,0.1300,20.5423
cakes/tournament/players/player5/cool.csv,6,4,0.0298,12.8009,2.7802
cakes/tournament/players/player5/cool.csv,6,5,0.4779,12.4888,3.9054
cakes/tournament/players/player5/cool.csv,6,6,0.4869,0.7844,39.3031
cakes/tournament/players/player5/cool.csv,6,7,0.4863,0.9684,65.0627
cakes/tournament/players/player5/cool.csv,6,8,0.3714,7.3219,195.2602
cakes/tournament/players/player5/cool.csv,6,9,0.1652,1.2788,100.5234
cakes/tournament/players/player5/cool.csv,6,10,0.0000,0.0002,50.5050
cakes/tournament/players/player5/cool.csv,10,1,0.0215,3.4994,18.9210
cakes/tournament/players/player5/cool.csv,10,2,0.4650,4.2140,100.3260
cakes/tournament/players/player5/cool.csv,10,3,0.3363,0.5836,41.2289
cakes/tournament/players/player5/cool.csv,10,4,0.0843,13.4068,57.4391
cakes/tournament/players/player5/cool.csv,10,5,16.3377,11.4197,5.6491
cakes/tournament/players/player5/cool.csv,10,6,0.4900,2.6504,68.9911
cakes/tournament/players/player5/cool.csv,10,7,0.4865,1.7240,125.8646
cakes/tournament/players/player5/cool.csv,10,8,-1,-1,300.0000
cakes/tournament/players/player5/cool.csv,10,9,0.1645,1.0171,228.1799
cakes/tournament/players/player5/cool.csv,10,10,0.0000,0.0015,53.7450
cakes/tournament/players/player5/simple.csv,10,1,0.0210,3.0850,20.3226
cakes/tournament/players/player5/simple.csv,10,2,0.3697,3.5336,35.1641
cakes/tournament/players/player5/simple.csv,10,3,0.3894,0.1935,45.6473
cakes/tournament/players/player5/simple.csv,10,4,-1,-1,300.0000
cakes/tournament/players/player5/simple.csv,10,5,0.5000,7.9127,11.9948
cakes/tournament/players/player5/simple.csv,10,6,0.4900,7.2686,72.3955
cakes/tournament/players/player5/simple.csv,10,7,0.4553,2.0412,130.3006
cakes/tournament/players/player5/simple.csv,10,8,-1,-1,300.0000
cakes/tournament/players/player5/simple.csv,10,9,0.2737,1.7615,232.4916
cakes/tournament/players/player5/simple.csv,10,10,0.0000,0.0019,50.3148
cakes/tournament/players/player5/simple.csv,13,1,0.0218,5.4073,26.0658
cakes/tournament/players/player5/simple.csv,13,2,0.3815,8.0623,73.1187
cakes/tournament/players/player5/simple.csv,13,3,0.3890,0.3166,48.6398
cakes/tournament/players/player5/simple.csv,13,4,-1,-1,300.0000
cakes/tournament/players/player5/simple.csv,13,5,17.4099,11.0358,13.2601
cakes/tournament/players/player5/simple.csv,13,6,0.4899,5.1792,93.0796
cakes/tournament/players/player5/simple.csv,13,7,0.4611,1.2522,160.8940
cakes/tournament/players/player5/simple.csv,13,8,-1,-1,300.0000
cakes/tournament/players/player5/simple.csv,13,9,-1,-1,300.0000
cakes/tournament/players/player5/simple.csv,13,10,0.0002,0.0033,56.5250
cakes/tournament/players/player5/simple.csv,20,1,0.0211,7.4397,38.6463
cakes/tournament/players/player5/simple.csv,20,2,-1,-1,300.0000
cakes/tournament/players/player5/simple.csv,20,3,0.1854,0.0852,112.1440
cakes/tournament/players/player5/simple.csv,20,4,0.0398,18.6833,4.3742
cakes/tournament/players/player5/simple.csv,20,5,0.4786,13.5126,18.7006
cakes/tournament/players/player5/simple.csv,20,6,0.4900,10.2883,141.3427
cakes/tournament/players/player5/simple.csv,20,7,0.4912,2.3631,281.5448
cakes/tournament/players/player5/simple.csv,20,8,-1,-1,300.0000
cakes/tournament/players/player5/simple.csv,20,9,-1,-1,300.0000
cakes/tournament/players/player5/simple.csv,20,10,0.0002,0.0303,90.4026
cakes/tournament/players/player5/star.csv,6,1,0.0196,4.1070,11.4461
cakes/tournament/players/player5/star.csv,6,2,0.3598,3.3673,26.1031
cakes/tournament/players/player5/star.csv,6,3,0.3342,2.4469,20.8061
cakes/tournament/players/player5/star.csv,6,4,0.0776,16.4633,14.8637
cakes/tournament/players/player5/star.csv,6,5,0.4540,4.4788,7.2949
cakes/tournament/players/player5/star.csv,6,6,0.4894,1.6970,40.6821
cakes/tournament/players/player5/star.csv,6,7,0.3975,0.4293,64.2491
cakes/tournament/players/player5/star.csv,6,8,0.2751,7.6601,169.7656
cakes/tournament/players/player5/star.csv,6,9,0.2229,2.0514,98.0462
cakes/tournament/players/player5/star.csv,6,10,0.0000,0.0004,55.7235
cakes/tournament/players/player5/star.csv,8,1,0.0015,5.1461,15.4418
cakes/tournament/players/player5/star.csv,8,2,0.4640,10.6819,51.4072
cakes/tournament/players/player5/star.csv,8,3,0.0271,1.6330,27.7971
cakes/tournament/players/player5/star.csv,8,4,0.0979,10.7070,24.1267
cakes/tournament/players/player5/star.csv,8,5,41.2298,17.0486,8.2250
cakes/tournament/players/player5/star.csv,8,6,0.4881,1.6104,54.3269
cakes/tournament/players/player5/star.csv,8,7,0.4668,5.5823,86.1007
cakes/tournament/players/player5/star.csv,8,8,0.1965,8.3637,239.7946
cakes/tournament/players/player5/star.csv,8,9,0.2371,3.1025,161.3215
cakes/tournament/players/player5/star.csv,8,10,0.0000,0.0015,54.8805
cakes/tournament/players/player5/star.csv,12,1,0.0018,8.4621,23.2125
cakes/tournament/players/player5/star.csv,12,2,0.4616,3.1712,104.9511
cakes/tournament/players/player5/star.csv,12,3,0.3668,0.2128,43.6076
cakes/tournament/players/player5/star.csv,12,4,0.0684,20.9880,94.3419
cakes/tournament/players/player5/star.csv,12,5,8.1079,16.9428,11.0858
cakes/tournament/players/player5/star.csv,12,6,0.4871,1.1238,80.8008
cakes/tournament/players/player5/star.csv,12,7,0.4851,1.5730,165.5082
cakes/tournament/players/player5/star.csv,12,8,-1,-1,300.0000
cakes/tournament/players/player5/star.csv,12,9,-1,-1,300.0000
cakes/tournament/players/player5/star.csv,12,10,0.0002,0.0040,85.6678
cakes/tournament/players/player6/backwards_c.csv,5,1,0.0012,4.5687,11.4708
cakes/tournament/players/player6/backwards_c.csv,5,2,0.4200,9.8589,9.9292
cakes/tournament/players/player6/backwards_c.csv,5,3,0.2001,8.1539,23.6107
cakes/tournament/players/player6/backwards_c.csv,5,4,0.1343,8.0064,29.0296
cakes/tournament/players/player6/backwards_c.csv,5,5,0.3704,10.2149,5.9542
cakes/tournament/players/player6/backwards_c.csv,5,6,0.4893,5.7356,44.3792
cakes/tournament/players/player6/backwards_c.csv,5,7,0.4783,4.6893,51.1243
cakes/tournament/players/player6/backwards_c.csv,5,8,0.4026,6.1238,80.3169
cakes/tournament/players/player6/backwards_c.csv,5,9,0.1926,5.0022,55.9754
cakes/tournament/players/player6/backwards_c.csv,5,10,0.0000,7.0218,279.0138
cakes/tournament/players/player6/backwards_c.csv,7,1,0.0019,8.9675,15.0421
cakes/tournament/players/player6/backwards_c.csv,7,2,0.2189,7.9251,16.9956
cakes/tournament/players/player6/backwards_c.csv,7,3,0.2005,11.5349,36.2416
cakes/tournament/players/player6/backwards_c.csv,7,4,0.1334,8.5444,37.1373
cakes/tournament/players/player6/backwards_c.csv,7,5,0.4846,12.6877,11.0022
cakes/tournament/players/player6/backwards_c.csv,7,6,0.4899,5.5988,59.3147
cakes/tournament/players/player6/backwards_c.csv,7,7,0.4860,12.8080,83.7451
cakes/tournament/players/player6/backwards_c.csv,7,8,0.3423,9.4870,138.5656
cakes/tournament/players/player6/backwards_c.csv,7,9,0.1596,7.0450,110.1324
cakes/tournament/players/player6/backwards_c.csv,7,10,0.0002,8.4601,278.5301
cakes/tournament/players/player6/backwards_c.csv,11,1,0.0014,8.5906,23.8587
cakes/tournament/players/player6/backwards_c.csv,11,2,0.5818,10.0339,12.4709
cakes/tournament/players/player6/backwards_c.csv,11,3,0.2472,11.5234,48.7397
cakes/tournament/players/player6/backwards_c.csv,11,4,0.0898,13.8054,188.8511
cakes/tournament/players/player6/backwards_c.csv,11,5,0.4847,11.7073,12.6179
cakes/tournament/players/player6/backwards_c.csv,11,6,0.4900,7.1857,91.2390
cakes/tournament/players/player6/backwards_c.csv,11,7,0.4979,11.2086,143.3901
cakes/tournament/players/player6/backwards_c.csv,11,8,0.3753,11.8948,230.1874
cakes/tournament/players/player6/backwards_c.csv,11,9,0.1954,11.8316,234.0132
cakes/tournament/players/player6/backwards_c.csv,11,10,0.0001,7.8100,264.7807
cakes/tournament/players/player6/flower.csv,4,1,0.0197,0.0417,7.7709
cakes/tournament/players/player6/flower.csv,4,2,0.2717,0.3595,15.8278
cakes/tournament/players/player6/flower.csv,4,3,0.0465,0.0372,15.6707
cakes/tournament/players/player6/flower.csv,4,4,0.1346,13.1175,8.5659
cakes/tournament/players/player6/flower.csv,4,5,0.1220,0.0309,4.3655
cakes/tournament/players/player6/flower.csv,4,6,0.1250,0.0298,28.4636
cakes/tournament/players/player6/flower.csv,4,7,0.2409,0.0140,27.8235
cakes/tournament/players/player6/flower.csv,4,8,0.2048,7.5795,102.2133
cakes/tournament/players/player6/flower.csv,4,9,0.1457,4.1628,39.6037
cakes/tournament/players/player6/flower.csv,4,10,0.0000,0.0001,52.3396
cakes/tournament/players/player6/flower.csv,5,1,0.0013,3.6458,10.0333
cakes/tournament/players/player6/flower.csv,5,2,0.2281,3.6067,37.4767
cakes/tournament/players/player6/flower.csv,5,3,0.2793,2.5082,21.9683
cakes/tournament/players/player6/flower.csv,5,4,0.1508,16.1285,21.0099
cakes/tournament/players/player6/flower.csv,5,5,0.4387,19.2871,5.2746
cakes/tournament/players/player6/flower.csv,5,6,0.4744,2.4690,36.8103
cakes/tournament/players/player6/flower.csv,5,7,0.3980,2.6678,32.7380
cakes/tournament/players/player6/flower.csv,5,8,0.4691,9.9333,146.0842
cakes/tournament/players/player6/flower.csv,5,9,0.1685,6.7565,76.1509
cakes/tournament/players/player6/flower.csv,5,10,0.0000,2.8138,93.7278
cakes/tournament/players/player6/flower.csv,8,1,0.0215,0.0699,16.4981
cakes/tournament/players/player6/flower.csv,8,2,0.3743,0.3876,43.1075
cakes/tournament/players/player6/flower.csv,8,3,0.0983,0.0939,30.9946
cakes/tournament/players/player6/flower.csv,8,4,0.1025,25.4202,29.5385
cakes/tournament/players/player6/flower.csv,8,5,0.1520,0.0821,6.0321
cakes/tournament/players/player6/flower.csv,8,6,0.1931,0.0685,61.8880
cakes/tournament/players/player6/flower.csv,8,7,0.2136,0.0630,61.8324
cakes/tournament/players/player6/flower.csv,8,8,0.3762,10.1875,270.9636
cakes/tournament/players/player6/flower.csv,8,9,0.1162,1.2250,165.2956
cakes/tournament/players/player6/flower.csv,8,10,0.0000,0.0010,52.3435
cakes/tournament/players/player6/parallelogram.csv,3,1,0.0016,5.1696,4.7110
cakes/tournament/players/player6/parallelogram.csv,3,2,0.1713,5.4706,3.9802
cakes/tournament/players/player6/parallelogram.csv,3,3,0.3999,5.0933,14.4618
cakes/tournament/players/player6/parallelogram.csv,3,4,-1,-1,300.0000
cakes/tournament/players/player6/parallelogram.csv,3,5,0.3607,8.2002,1.7215
cakes/tournament/players/player6/parallelogram.csv,3,6,0.4363,5.0538,15.9564
cakes/tournament/players/player6/parallelogram.csv,3,7,0.4171,5.2224,21.7155
cakes/tournament/players/player6/parallelogram.csv,3,8,0.2546,5.2092,61.2030
cakes/tournament/players/player6/parallelogram.csv,3,9,0.1335,5.1719,16.5040
cakes/tournament/players/player6/parallelogram.csv,3,10,0.0000,5.1071,188.1851
cakes/tournament/players/player6/parallelogram.csv,5,1,0.0020,3.5855,8.8184
cakes/tournament/players/player6/parallelogram.csv,5,2,0.4291,8.0210,9.9316
cakes/tournament/players/player6/parallelogram.csv,5,3,0.2914,2.7104,21.0659
cakes/tournament/players/player6/parallelogram.csv,5,4,-1,-1,300.0000
cakes/tournament/players/player6/parallelogram.csv,5,5,0.4869,9.6417,2.7661
cakes/tournament/players/player6/parallelogram.csv,5,6,0.4859,8.2070,31.7196
cakes/tournament/players/player6/parallelogram.csv,5,7,0.4831,2.9238,45.9704
cakes/tournament/players/player6/parallelogram.csv,5,8,0.0546,8.5794,143.3331
cakes/tournament/players/player6/parallelogram.csv,5,9,0.0962,2.7326,59.0539
cakes/tournament/players/player6/parallelogram.csv,5,10,0.0000,3.0123,187.9145
cakes/tournament/players/player6/parallelogram.csv,7,1,0.0010,4.4155,12.6908
cakes/tournament/players/player6/parallelogram.csv,7,2,0.4217,6.2592,51.1314
cakes/tournament/players/player6/parallelogram.csv,7,3,0.4136,1.8578,28.6135
cakes/tournament/players/player6/parallelogram.csv,7,4,-1,-1,300.0000
cakes/tournament/players/player6/parallelogram.csv,7,5,0.4831,12.0047,3.9668
cakes/tournament/players/player6/parallelogram.csv,7,6,0.4899,2.4383,46.6655
cakes/tournament/players/player6/parallelogram.csv,7,7,0.4758,1.9643,70.8020
cakes/tournament/players/player6/parallelogram.csv,7,8,0.2544,9.8872,227.6889
cakes/tournament/players/player6/parallelogram.csv,7,9,0.0969,2.8566,112.6663
cakes/tournament/players/player6/parallelogram.csv,7,10,0.0000,2.4467,90.4204
cakes/tournament/players/player6/robot.csv,8,1,0.0015,11.4202,19.6625
cakes/tournament/players/player6/robot.csv,8,2,0.4238,15.6524,20.7751
cakes/tournament/players/player6/robot.csv,8,3,0.3331,14.8231,27.4333
cakes/tournament/players/player6/robot.csv,8,4,0.1041,21.2950,39.2850
cakes/tournament/players/player6/robot.csv,8,5,0.4541,19.5998,12.9502
cakes/tournament/players/player6/robot.csv,8,6,0.4873,13.9771,82.2289
cakes/tournament/players/player6/robot.csv,8,7,0.4749,12.7513,89.7101
cakes/tournament/players/player6/robot.csv,8,8,0.3934,14.6866,191.7519
cakes/tournament/players/player6/robot.csv,8,9,0.2744,17.3271,141.6406
cakes/tournament/players/player6/robot.csv,8,10,0.0001,17.9019,275.6229
cakes/tournament/players/player6/robot.csv,11,1,0.0020,13.7908,26.3300
cakes/tournament/players/player6/robot.csv,11,2,0.3859,23.3503,85.6668
cakes/tournament/players/player6/robot.csv,11,3,0.3811,21.0188,41.9925
cakes/tournament/players/player6/robot.csv,11,4,0.0772,21.5311,58.4977
cakes/tournament/players/player6/robot.csv,11,5,27.8750,25.9256,15.8886
cakes/tournament/players/player6/robot.csv,11,6,0.4896,11.7105,118.9675
cakes/tournament/players/player6/robot.csv,11,7,0.4842,13.9303,139.1724
cakes/tournament/players/player6/robot.csv,11,8,0.4052,19.3350,298.6419
cakes/tournament/players/player6/robot.csv,11,9,0.2703,16.6677,258.1462
cakes/tournament/players/player6/robot.csv,11,10,0.0652,14.2594,274.4875
cakes/tournament/players/player6/robot.csv,17,1,0.0019,20.1392,39.1658
cakes/tournament/players/player6/robot.csv,17,2,0.8918,25.3864,23.5170
cakes/tournament/players/player6/robot.csv,17,3,0.3827,17.9868,78.1993
cakes/tournament/players/player6/robot.csv,17,4,0.0559,27.5490,118.7715
cakes/tournament/players/player6/robot.csv,17,5,19.5315,26.1344,20.7389
cakes/tournament/players/player6/robot.csv,17,6,0.4899,14.8058,160.6596
cakes/tournament/players/player6/robot.csv,17,7,0.4949,14.9486,244.6338
cakes/tournament/players/player6/robot.csv,17,8,-1,-1,300.0000
cakes/tournament/players/player6/robot.csv,17,9,-1,-1,300.0000
cakes/tournament/players/player6/robot.csv,17,10,0.0004,18.8020,279.5949
cakes/tournament/players/player7/batman.csv,6,1,0.0205,6.7816,12.6352
cakes/tournament/players/player7/batman.csv,6,2,0.2475,10.4923,14.8841
cakes/tournament/players/player7/batman.csv,6,3,0.3760,0.9221,21.3591
cakes/tournament/players/player7/batman.csv,6,4,0.0484,3.2879,15.5148
cakes/tournament/players/player7/batman.csv,6,5,0.4988,6.9897,7.9672
cakes/tournament/players/player7/batman.csv,6,6,0.4899,0.7965,44.4354
cakes/tournament/players/player7/batman.csv,6,7,0.4516,2.0036,59.8437
cakes/tournament/players/player7/batman.csv,6,8,0.2317,5.6574,159.0022
cakes/tournament/players/player7/batman.csv,6,9,0.2235,3.5164,92.2544
cakes/tournament/players/player7/batman.csv,6,10,0.0000,0.0006,63.0662
cakes/tournament/players/player7/batman.csv,8,1,0.0209,3.6825,16.2096
cakes/tournament/players/player7/batman.csv,8,2,0.3428,8.9445,36.9584
cakes/tournament/players/player7/batman.csv,8,3,0.1473,0.6059,28.6250
cakes/tournament/players/player7/batman.csv,8,4,0.1139,14.0586,46.5193
cakes/tournament/players/player7/batman.csv,8,5,0.4689,5.9625,10.6122
cakes/tournament/players/player7/batman.csv,8,6,0.4896,1.6423,63.8112
cakes/tournament/players/player7/batman.csv,8,7,0.4981,0.3359,0.2182
cakes/tournament/players/player7/batman.csv,8,8,0.3634,4.5621,230.1308
cakes/tournament/players/player7/batman.csv,8,9,0.2310,3.2654,158.1765
cakes/tournament/players/player7/batman.csv,8,10,0.0000,0.0019,58.7546
cakes/tournament/players/player7/batman.csv,13,1,0.0219,5.0922,27.4008
cakes/tournament/players/player7/batman.csv,13,2,0.4414,4.4957,156.0305
cakes/tournament/players/player7/batman.csv,13,3,0.3867,0.8296,53.3148
cakes/tournament/players/player7/batman.csv,13,4,0.0555,19.3867,92.2103
cakes/tournament/players/player7/batman.csv,13,5,6.5475,20.5021,12.5044
cakes/tournament/players/player7/batman.csv,13,6,0.4899,2.4708,109.1940
cakes/tournament/players/player7/batman.csv,13,7,0.4901,3.3936,184.9670
cakes/tournament/players/player7/batman.csv,13,8,-1,-1,300.0000
cakes/tournament/players/player7/batman.csv,13,9,-1,-1,300.0000
cakes/tournament/players/player7/batman.csv,13,10,0.0002,0.4663,104.0741
cakes/tournament/players/player7/custom_standard_cake.csv,3,1,0.0017,3.7656,5.0265
cakes/tournament/players/player7/custom_standard_cake.csv,3,2,0.3225,2.0989,2.3187
cakes/tournament/players/player7/custom_standard_cake.csv,3,3,0.1060,2.6057,12.8327
cakes/tournament/players/player7/custom_standard_cake.csv,3,4,0.2455,3.6432,5.9998
cakes/tournament/players/player7/custom_standard_cake.csv,3,5,0.3942,10.7468,1.6986
cakes/tournament/players/player7/custom_standard_cake.csv,3,6,0.3872,0.6913,20.8658
cakes/tournament/players/player7/custom_standard_cake.csv,3,7,0.4756,1.9194,26.2394
cakes/tournament/players/player7/custom_standard_cake.csv,3,8,0.1489,0.4459,47.8408
cakes/tournament/players/player7/custom_standard_cake.csv,3,9,0.0922,3.5777,18.5946
cakes/tournament/players/player7/custom_standard_cake.csv,3,10,0.0000,0.0004,57.0026
cakes/tournament/players/player7/custom_standard_cake.csv,4,1,0.0014,2.1186,7.1312
cakes/tournament/players/player7/custom_standard_cake.csv,4,2,0.4197,9.0407,4.4806
cakes/tournament/players/player7/custom_standard_cake.csv,4,3,0.0254,0.7032,18.9137
cakes/tournament/players/player7/custom_standard_cake.csv,4,4,0.1648,8.2395,5.5429
cakes/tournament/players/player7/custom_standard_cake.csv,4,5,0.3795,12.3575,2.3371
cakes/tournament/players/player7/custom_standard_cake.csv,4,6,0.4899,1.6241,25.9467
cakes/tournament/players/player7/custom_standard_cake.csv,4,7,0.4754,2.1421,34.3246
cakes/tournament/players/player7/custom_standard_cake.csv,4,8,0.2392,0.5509,74.3556
cakes/tournament/players/player7/custom_standard_cake.csv,4,9,0.0670,2.2241,27.5661
cakes/tournament/players/player7/custom_standard_cake.csv,4,10,0.0000,0.7479,90.9401
cakes/tournament/players/player7/custom_standard_cake.csv,6,1,0.0210,3.6082,10.4176
cakes/tournament/players/player7/custom_standard_cake.csv,6,2,0.3823,4.9578,14.2082
cakes/tournament/players/player7/custom_standard_cake.csv,6,3,0.1469,0.2813,27.4031
cakes/tournament/players/player7/custom_standard_cake.csv,6,4,0.1208,11.4694,12.5127
cakes/tournament/players/player7/custom_standard_cake.csv,6,5,11.5400,13.5919,2.6758
cakes/tournament/players/player7/custom_standard_cake.csv,6,6,0.4900,4.3387,38.2486
cakes/tournament/players/player7/custom_standard_cake.csv,6,7,0.4547,2.0004,57.6626
cakes/tournament/players/player7/custom_standard_cake.csv,6,8,0.1689,4.6225,163.9997
cakes/tournament/players/player7/custom_standard_cake.csv,6,9,0.1013,4.5838,70.5986
cakes/tournament/players/player7/custom_standard_cake.csv,6,10,0.0000,1.8725,99.7337
cakes/tournament/players/player7/giraffe.csv,6,1,0.0016,8.0428,13.1809
cakes/tournament/players/player7/giraffe.csv,6,2,0.4467,7.0190,15.8136
cakes/tournament/players/player7/giraffe.csv,6,3,0.3912,9.5640,27.0331
cakes/tournament/players/player7/giraffe.csv,6,4,0.1481,12.5598,21.7287
cakes/tournament/players/player7/giraffe.csv,6,5,0.4900,5.6894,9.2176
cakes/tournament/players/player7/giraffe.csv,6,6,0.4896,7.0315,54.5145
cakes/tournament/players/player7/giraffe.csv,6,7,0.4925,9.9209,68.9917
cakes/tournament/players/player7/giraffe.csv,6,8,0.5135,2.4957,124.1113
cakes/tournament/players/player7/giraffe.csv,6,9,0.1617,5.9665,95.6469
cakes/tournament/players/player7/giraffe.csv,6,10,0.0001,3.3722,271.5250
cakes/tournament/players/player7/giraffe.csv,8,1,0.0015,7.2560,17.3675
cakes/tournament/players/player7/giraffe.csv,8,2,0.6102,13.2436,41.1223
cakes/tournament/players/player7/giraffe.csv,8,3,0.3339,9.5444,41.1350
cakes/tournament/players/player7/giraffe.csv,8,4,0.1000,9.2581,25.8685
cakes/tournament/players/player7/giraffe.csv,8,5,48.1500,15.7054,7.7499
cakes/tournament/players/player7/giraffe.csv,8,6,0.4900,9.9212,73.4883
cakes/tournament/players/player7/giraffe.csv,8,7,0.4954,9.5301,99.0737
cakes/tournament/players/player7/giraffe.csv,8,8,0.6329,8.8401,168.1002
cakes/tournament/players/player7/giraffe.csv,8,9,0.1170,8.0849,149.1536
cakes/tournament/players/player7/giraffe.csv,8,10,0.0001,4.8346,254.1532
cakes/tournament/players/player7/giraffe.csv,13,1,0.0018,11.0043,27.2974
cakes/tournament/players/player7/giraffe.csv,13,2,0.5711,15.0704,14.7999
cakes/tournament/players/player7/giraffe.csv,13,3,0.3560,9.4354,62.6014
cakes/tournament/players/player7/giraffe.csv,13,4,0.0717,15.4126,119.5395
cakes/tournament/players/player7/giraffe.csv,13,5,0.4886,12.0648,13.4342
cakes/tournament/players/player7/giraffe.csv,13,6,0.4900,10.9755,110.7292
cakes/tournament/players/player7/giraffe.csv,13,7,0.4866,11.0399,123.3100
cakes/tournament/players/player7/giraffe.csv,13,8,-1,-1,300.0000
cakes/tournament/players/player7/giraffe.csv,13,9,-1,-1,300.0000
cakes/tournament/players/player7/giraffe.csv,13,10,0.0002,10.9127,274.8043
cakes/tournament/players/player8/koch_snowflake_order2.csv,4,1,0.0015,0.3469,8.4122
cakes/tournament/players/player8/koch_snowflake_order2.csv,4,2,0.1797,0.2901,17.1389
cakes/tournament/players/player8/koch_snowflake_order2.csv,4,3,0.1696,1.0995,14.7248
cakes/tournament/players/player8/koch_snowflake_order2.csv,4,4,0.0984,16.7283,13.1587
cakes/tournament/players/player8/koch_snowflake_order2.csv,4,5,0.3811,3.2288,4.9211
cakes/tournament/players/player8/koch_snowflake_order2.csv,4,6,0.4896,0.9367,32.2590
cakes/tournament/players/player8/koch_snowflake_order2.csv,4,7,0.4901,0.4063,23.0165
cakes/tournament/players/player8/koch_snowflake_order2.csv,4,8,0.2329,7.9737,91.5012
cakes/tournament/players/player8/koch_snowflake_order2.csv,4,9,0.0278,0.3281,48.6102
cakes/tournament/players/player8/koch_snowflake_order2.csv,4,10,0.0000,0.0009,54.0165
cakes/tournament/players/player8/koch_snowflake_order2.csv,6,1,0.0008,3.6154,12.8201
cakes/tournament/players/player8/koch_snowflake_order2.csv,6,2,0.1897,0.1040,20.7906
cakes/tournament/players/player8/koch_snowflake_order2.csv,6,3,0.3533,2.3093,21.8630
cakes/tournament/players/player8/koch_snowflake_order2.csv,6,4,0.1104,23.2221,20.4845
cakes/tournament/players/player8/koch_snowflake_order2.csv,6,5,0.3730,4.5066,6.3816
cakes/tournament/players/player8/koch_snowflake_order2.csv,6,6,0.3433,0.3636,50.8298
cakes/tournament/players/player8/koch_snowflake_order2.csv,6,7,0.4803,1.6221,38.4285
cakes/tournament/players/player8/koch_snowflake_order2.csv,6,8,0.3652,12.8071,162.6536
cakes/tournament/players/player8/koch_snowflake_order2.csv,6,9,0.1889,4.3872,107.0633
cakes/tournament/players/player8/koch_snowflake_order2.csv,6,10,0.0000,0.0002,58.0785
cakes/tournament/players/player8/koch_snowflake_order2.csv,9,1,0.0016,3.9645,19.4535
cakes/tournament/players/player8/koch_snowflake_order2.csv,9,2,0.3085,3.8914,43.1864
cakes/tournament/players/player8/koch_snowflake_order2.csv,9,3,0.3959,1.2954,28.8340
cakes/tournament/players/player8/koch_snowflake_order2.csv,9,4,0.0985,16.2829,66.8254
cakes/tournament/players/player8/koch_snowflake_order2.csv,9,5,16.6245,21.6686,7.3374
cakes/tournament/players/player8/koch_snowflake_order2.csv,9,6,0.4900,6.5952,73.3535
cakes/tournament/players/player8/koch_snowflake_order2.csv,9,7,0.4713,7.9448,66.5603
cakes/tournament/players/player8/koch_snowflake_order2.csv,9,8,0.4028,15.3605,276.8747
cakes/tournament/players/player8/koch_snowflake_order2.csv,9,9,0.1676,2.8916,201.4899
cakes/tournament/players/player8/koch_snowflake_order2.csv,9,10,0.0000,2.0041,104.1170
cakes/tournament/players/player8/koch_snowflake_order3.csv,5,1,0.0007,6.9309,16.8641
cakes/tournament/players/player8/koch_snowflake_order3.csv,5,2,0.3963,7.4007,73.3521
cakes/tournament/players/player8/koch_snowflake_order3.csv,5,3,0.3730,4.9859,31.0627
cakes/tournament/players/player8/koch_snowflake_order3.csv,5,4,0.1032,9.3999,67.8383
cakes/tournament/players/player8/koch_snowflake_order3.csv,5,5,0.4746,12.9794,30.1083
cakes/tournament/players/player8/koch_snowflake_order3.csv,5,6,0.4711,3.9906,71.3569
cakes/tournament/players/player8/koch_snowflake_order3.csv,5,7,0.4958,12.3589,45.8601
cakes/tournament/players/player8/koch_snowflake_order3.csv,5,8,0.3957,11.7865,197.9212
cakes/tournament/players/player8/koch_snowflake_order3.csv,5,9,0.1895,17.0646,107.9226
cakes/tournament/players/player8/koch_snowflake_order3.csv,5,10,0.0000,4.3689,277.1549
cakes/tournament/players/player8/koch_snowflake_order3.csv,6,1,0.0208,3.8520,18.2526
cakes/tournament/players/player8/koch_snowflake_order3.csv,6,2,0.3174,1.1220,139.0539
cakes/tournament/players/player8/koch_snowflake_order3.csv,6,3,0.1664,7.5843,30.0821
cakes/tournament/players/player8/koch_snowflake_order3.csv,6,4,0.0759,9.9816,34.5232
cakes/tournament/players/player8/koch_snowflake_order3.csv,6,5,0.4646,22.9663,28.1074
cakes/tournament/players/player8/koch_snowflake_order3.csv,6,6,0.4132,0.2333,86.9566
cakes/tournament/players/player8/koch_snowflake_order3.csv,6,7,0.4692,2.0209,48.1258
cakes/tournament/players/player8/koch_snowflake_order3.csv,6,8,0.7234,12.9773,246.5353
cakes/tournament/players/player8/koch_snowflake_order3.csv,6,9,0.1581,2.2872,148.2767
cakes/tournament/players/player8/koch_snowflake_order3.csv,6,10,0.0000,0.0005,82.2704
cakes/tournament/players/player8/koch_snowflake_order3.csv,10,1,0.0011,5.4631,29.7395
cakes/tournament/players/player8/koch_snowflake_order3.csv,10,2,0.3037,1.0988,240.7599
cakes/tournament/players/player8/koch_snowflake_order3.csv,10,3,0.2691,1.7468,49.2828
cakes/tournament/players/player8/koch_snowflake_order3.csv,10,4,0.0899,12.8431,59.1389
cakes/tournament/players/player8/koch_snowflake_order3.csv,10,5,0.4362,12.0691,37.9697
cakes/tournament/players/player8/koch_snowflake_order3.csv,10,6,0.4826,0.6771,134.8043
cakes/tournament/players/player8/koch_snowflake_order3.csv,10,7,0.3291,1.7934,91.2133
cakes/tournament/players/player8/koch_snowflake_order3.csv,10,8,-1,-1,300.0000
cakes/tournament/players/player8/koch_snowflake_order3.csv,10,9,-1,-1,300.0000
cakes/tournament/players/player8/koch_snowflake_order3.csv,10,10,0.0001,2.3148,90.3093
cakes/tournament/players/player8/star.csv,6,1,0.0175,2.7657,11.0993
cakes/tournament/players/player8/star.csv,6,2,0.3394,8.4164,22.7038
cakes/tournament/players/player8/star.csv,6,3,0.0842,5.5541,19.5727
cakes/tournament/players/player8/star.csv,6,4,0.1002,5.6669,88.4610
cakes/tournament/players/player8/star.csv,6,5,0.4249,6.5155,7.9722
cakes/tournament/players/player8/star.csv,6,6,0.4397,1.2685,40.2848
cakes/tournament/players/player8/star.csv,6,7,-1,-1,-1
cakes/tournament/players/player8/star.csv,6,8,0.3488,9.5699,161.6431
cakes/tournament/players/player8/star.csv,6,9,0.2262,1.1022,93.4663
cakes/tournament/players/player8/star.csv,6,10,0.0000,0.0006,57.3121
cakes/tournament/players/player8/star.csv,8,1,0.0214,4.3060,15.0828
cakes/tournament/players/player8/star.csv,8,2,0.4758,4.8499,35.5529
cakes/tournament/players/player8/star.csv,8,3,0.3676,3.8264,26.3962
cakes/tournament/players/player8/star.csv,8,4,0.1107,11.5502,110.8167
cakes/tournament/players/player8/star.csv,8,5,0.4504,4.4954,9.7732
cakes/tournament/players/player8/star.csv,8,6,0.4825,1.3114,54.9737
cakes/tournament/players/player8/star.csv,8,7,-1,-1,-1
cakes/tournament/players/player8/star.csv,8,8,0.2250,8.5057,242.8722
cakes/tournament/players/player8/star.csv,8,9,0.2610,1.7481,152.4341
cakes/tournament/players/player8/star.csv,8,10,0.0000,0.0013,58.2446
cakes/tournament/players/player8/star.csv,13,1,0.0218,6.8522,24.6728
cakes/tournament/players/player8/star.csv,13,2,0.4661,7.4297,100.0571
cakes/tournament/players/player8/star.csv,13,3,0.3614,0.4075,48.8416
cakes/tournament/players/player8/star.csv,13,4,-1,-1,300.0000
cakes/tournament/players/player8/star.csv,13,5,9.6672,20.7661,12.1053
cakes/tournament/players/player8/star.csv,13,6,0.4746,4.8917,88.1733
cakes/tournament/players/player8/star.csv,13,7,0.4895,2.1389,104.7674
cakes/tournament/players/player8/star.csv,13,8,-1,-1,300.0000
cakes/tournament/players/player8/star.csv,13,9,-1,-1,300.0000
cakes/tournament/players/player8/star.csv,13,10,0.0002,0.0085,97.5780
cakes/tournament/players/player8/trapezoid.csv,7,1,0.0019,2.0061,12.0776
cakes/tournament/players/player8/trapezoid.csv,7,2,0.4126,5.5467,8.7391
cakes/tournament/players/player8/trapezoid.csv,7,3,0.3870,0.3390,27.3851
cakes/tournament/players/player8/trapezoid.csv,7,4,0.1346,9.7926,5.3585
cakes/tournament/players/player8/trapezoid.csv,7,5,39.5574,5.6992,6.2376
cakes/tournament/players/player8/trapezoid.csv,7,6,0.4800,1.3776,43.8987
cakes/tournament/players/player8/trapezoid.csv,7,7,0.4482,1.1293,47.4178
cakes/tournament/players/player8/trapezoid.csv,7,8,0.1995,7.8233,230.5376
cakes/tournament/players/player8/trapezoid.csv,7,9,0.1770,1.5753,118.8150
cakes/tournament/players/player8/trapezoid.csv,7,10,0.0002,0.0017,50.2931
cakes/tournament/players/player8/trapezoid.csv,9,1,0.0200,1.9446,15.7776
cakes/tournament/players/player8/trapezoid.csv,9,2,0.3549,3.3580,12.3165
cakes/tournament/players/player8/trapezoid.csv,9,3,0.2499,0.1349,27.4864
cakes/tournament/players/player8/trapezoid.csv,9,4,0.0894,15.0072,1.1644
cakes/tournament/players/player8/trapezoid.csv,9,5,0.4389,14.7181,8.4365
cakes/tournament/players/player8/trapezoid.csv,9,6,0.4884,3.0007,59.2693
cakes/tournament/players/player8/trapezoid.csv,9,7,0.4772,0.8625,66.8111
cakes/tournament/players/player8/trapezoid.csv,9,8,-1,-1,300.0000
cakes/tournament/players/player8/trapezoid.csv,9,9,0.2244,1.7027,180.7619
cakes/tournament/players/player8/trapezoid.csv,9,10,0.0001,0.0017,49.7119
cakes/tournament/players/player8/trapezoid.csv,14,1,0.0212,5.1927,25.0241
cakes/tournament/players/player8/trapezoid.csv,14,2,0.3684,3.1051,73.7999
cakes/tournament/players/player8/trapezoid.csv,14,3,0.0898,0.1441,55.8449
cakes/tournament/players/player8/trapezoid.csv,14,4,0.0677,16.1782,16.4363
cakes/tournament/players/player8/trapezoid.csv,14,5,0.4846,12.1509,10.1805
cakes/tournament/players/player8/trapezoid.csv,14,6,0.4900,12.3165,95.2069
cakes/tournament/players/player8/trapezoid.csv,14,7,0.4954,2.0448,117.1885
cakes/tournament/players/player8/trapezoid.csv,14,8,-1,-1,300.0000
cakes/tournament/players/player8/trapezoid.csv,14,9,-1,-1,300.0000
cakes/tournament/players/player8/trapezoid.csv,14,10,0.0001,0.0020,46.7277
cakes/tournament/players/player9/Cross.csv,7,1,0.0194,1.7970,13.3456
cakes/tournament/players/player9/Cross.csv,7,2,0.4600,4.6906,28.8529
cakes/tournament/players/player9/Cross.csv,7,3,0.2258,0.8322,27.8284
cakes/tournament/players/player9/Cross.csv,7,4,-1,-1,300.0000
cakes/tournament/players/player9/Cross.csv,7,5,0.4797,10.8787,5.9876
cakes/tournament/players/player9/Cross.csv,7,6,0.4897,1.1608,47.8013
cakes/tournament/players/player9/Cross.csv,7,7,0.4523,2.0814,46.6542
cakes/tournament/players/player9/Cross.csv,7,8,0.2643,11.0384,216.0884
cakes/tournament/players/player9/Cross.csv,7,9,0.2527,1.0431,150.6427
cakes/tournament/players/player9/Cross.csv,7,10,0.0000,1.1782,91.0841
cakes/tournament/players/player9/Cross.csv,10,1,0.0013,4.3477,19.3013
cakes/tournament/players/player9/Cross.csv,10,2,0.4204,1.9146,29.8545
cakes/tournament/players/player9/Cross.csv,10,3,0.4000,0.2785,43.2784
cakes/tournament/players/player9/Cross.csv,10,4,0.0795,2.8124,25.0281
cakes/tournament/players/player9/Cross.csv,10,5,0.4282,6.1134,7.7137
cakes/tournament/players/player9/Cross.csv,10,6,0.4876,2.1509,70.4480
cakes/tournament/players/player9/Cross.csv,10,7,0.4784,1.7420,69.0271
cakes/tournament/players/player9/Cross.csv,10,8,-1,-1,300.0000
cakes/tournament/players/player9/Cross.csv,10,9,0.2870,2.2759,227.9097
cakes/tournament/players/player9/Cross.csv,10,10,0.0000,0.0011,44.9429
cakes/tournament/players/player9/Cross.csv,15,1,0.0201,5.1166,28.6978
cakes/tournament/players/player9/Cross.csv,15,2,1.0039,12.5440,19.5335
cakes/tournament/players/player9/Cross.csv,15,3,0.3474,0.5472,61.4465
cakes/tournament/players/player9/Cross.csv,15,4,-1,-1,300.0000
cakes/tournament/players/player9/Cross.csv,15,5,17.7186,11.0288,9.2182
cakes/tournament/players/player9/Cross.csv,15,6,0.4899,3.0885,102.5804
cakes/tournament/players/player9/Cross.csv,15,7,0.4795,2.7491,123.8740
cakes/tournament/players/player9/Cross.csv,15,8,-1,-1,300.0000
cakes/tournament/players/player9/Cross.csv,15,9,-1,-1,300.0000
cakes/tournament/players/player9/Cross.csv,15,10,0.0001,0.5975,94.1876
cakes/tournament/players/player9/Group9-Dino.csv,11,1,0.0212,8.4101,31.9666
cakes/tournament/players/player9/Group9-Dino.csv,11,2,-1,-1,300.0000
cakes/tournament/players/player9/Group9-Dino.csv,11,3,0.3442,3.6548,68.9597
cakes/tournament/players/player9/Group9-Dino.csv,11,4,0.0643,22.4365,113.1178
cakes/tournament/players/player9/Group9-Dino.csv,11,5,59.4125,24.1832,59.5294
cakes/tournament/players/player9/Group9-Dino.csv,11,6,0.4900,4.8747,160.0307
cakes/tournament/players/player9/Group9-Dino.csv,11,7,0.4356,9.1060,120.8175
cakes/tournament/players/player9/Group9-Dino.csv,11,8,-1,-1,300.0000
cakes/tournament/players/player9/Group9-Dino.csv,11,9,-1,-1,300.0000
cakes/tournament/players/player9/Group9-Dino.csv,11,10,0.0002,7.6541,272.5320
cakes/tournament/players/player9/Group9-Dino.csv,14,1,0.0212,17.1959,40.3169
cakes/tournament/players/player9/Group9-Dino.csv,14,2,0.6672,23.9925,68.8561
cakes/tournament/players/player9/Group9-Dino.csv,14,3,0.3412,15.8720,105.3633
cakes/tournament/players/player9/Group9-Dino.csv,14,4,0.0531,26.0474,260.0959
cakes/tournament/players/player9/Group9-Dino.csv,14,5,0.4636,20.8895,68.9097
cakes/tournament/players/player9/Group9-Dino.csv,14,6,0.4900,10.3366,182.7668
cakes/tournament/players/player9/Group9-Dino.csv,14,7,0.4954,10.7567,163.7299
cakes/tournament/players/player9/Group9-Dino.csv,14,8,-1,-1,300.0000
cakes/tournament/players/player9/Group9-Dino.csv,14,9,-1,-1,300.0000
cakes/tournament/players/player9/Group9-Dino.csv,14,10,0.0002,8.9066,274.1441
cakes/tournament/players/player9/Group9-Dino.csv,22,1,0.0215,20.6276,57.6881
cakes/tournament/players/player9/Group9-Dino.csv,22,2,-1,-1,300.0000
cakes/tournament/players/player9/Group9-Dino.csv,22,3,0.3873,11.9729,177.6385
cakes/tournament/players/player9/Group9-Dino.csv,22,4,0.0425,28.4263,153.6865
cakes/tournament/players/player9/Group9-Dino.csv,22,5,0.4967,20.9729,84.3587
cakes/tournament/players/player9/Group9-Dino.csv,22,6,0.4900,16.2534,257.1347
cakes/tournament/players/player9/Group9-Dino.csv,22,7,0.4907,17.1609,278.9702
cakes/tournament/players/player9/Group9-Dino.csv,22,8,-1,-1,300.0000
cakes/tournament/players/player9/Group9-Dino.csv,22,9,-1,-1,300.0000
cakes/tournament/players/player9/Group9-Dino.csv,22,10,0.0003,17.6286,281.4704
cakes/tournament/players/player9/Penguin.csv,9,1,0.0204,11.3073,21.6248
cakes/tournament/players/player9/Penguin.csv,9,2,-1,-1,300.0000
cakes/tournament/players/player9/Penguin.csv,9,3,0.3963,1.4397,38.4390
cakes/tournament/players/player9/Penguin.csv,9,4,0.0873,12.0624,124.1151
cakes/tournament/players/player9/Penguin.csv,9,5,0.4762,9.1941,58.3245
cakes/tournament/players/player9/Penguin.csv,9,6,0.4899,2.4020,100.5559
cakes/tournament/players/player9/Penguin.csv,9,7,0.4929,5.5076,106.5755
cakes/tournament/players/player9/Penguin.csv,9,8,-1,-1,300.0000
cakes/tournament/players/player9/Penguin.csv,9,9,0.3555,3.2344,290.4251
cakes/tournament/players/player9/Penguin.csv,9,10,0.0001,5.9554,279.4760
cakes/tournament/players/player9/Penguin.csv,13,1,0.0017,13.8402,31.1210
cakes/tournament/players/player9/Penguin.csv,13,2,-1,-1,300.0000
cakes/tournament/players/player9/Penguin.csv,13,3,0.1582,3.6854,76.0543
cakes/tournament/players/player9/Penguin.csv,13,4,0.0641,22.0967,109.8928
cakes/tournament/players/player9/Penguin.csv,13,5,7.3470,12.4543,71.8584
cakes/tournament/players/player9/Penguin.csv,13,6,0.4899,2.5549,136.3325
cakes/tournament/players/player9/Penguin.csv,13,7,0.4734,9.8051,156.0140
cakes/tournament/players/player9/Penguin.csv,13,8,-1,-1,300.0000
cakes/tournament/players/player9/Penguin.csv,13,9,-1,-1,300.0000
cakes/tournament/players/player9/Penguin.csv,13,10,0.0002,7.1195,274.2738
cakes/tournament/players/player9/Penguin.csv,19,1,0.0018,17.2949,42.7922
cakes/tournament/players/player9/Penguin.csv,19,2,-1,-1,300.0000
cakes/tournament/players/player9/Penguin.csv,19,3,0.4006,8.5069,115.1738
cakes/tournament/players/player9/Penguin.csv,19,4,-1,-1,300.0000
cakes/tournament/players/player9/Penguin.csv,19,5,10.2132,13.8129,95.3255
cakes/tournament/players/player9/Penguin.csv,19,6,0.4900,11.7394,183.7639
cakes/tournament/players/player9/Penguin.csv,19,7,0.4913,12.8454,238.5812
cakes/tournament/players/player9/Penguin.csv,19,8,-1,-1,300.0000
cakes/tournament/players/player9/Penguin.csv,19,9,-1,-1,300.0000
cakes/tournament/players/player9/Penguin.csv,19,10,0.0002,10.7830,276.1706
cakes/tournament/players/player9/group9gon.csv,6,1,0.0008,2.9783,10.6219
cakes/tournament/players/player9/group9gon.csv,6,2,0.3531,1.4303,23.3791
cakes/tournament/players/player9/group9gon.csv,6,3,0.0218,0.0611,20.7732
cakes/tournament/players/player9/group9gon.csv,6,4,-1,-1,300.0000
cakes/tournament/players/player9/group9gon.csv,6,5,12.2109,14.0292,4.6198
cakes/tournament/players/player9/group9gon.csv,6,6,0.4896,2.2228,38.8604
cakes/tournament/players/player9/group9gon.csv,6,7,0.4870,8.6493,34.4299
cakes/tournament/players/player9/group9gon.csv,6,8,0.3710,8.2627,194.8936
cakes/tournament/players/player9/group9gon.csv,6,9,0.1946,0.1070,96.4146
cakes/tournament/players/player9/group9gon.csv,6,10,0.0000,0.0004,47.7621
cakes/tournament/players/player9/group9gon.csv,8,1,0.0211,2.3970,14.3220
cakes/tournament/players/player9/group9gon.csv,8,2,0.3742,2.9383,54.2306
cakes/tournament/players/player9/group9gon.csv,8,3,0.2019,0.0684,27.6787
cakes/tournament/players/player9/group9gon.csv,8,4,0.0883,9.6087,18.0594
cakes/tournament/players/player9/group9gon.csv,8,5,11.5795,12.0341,6.0501
cakes/tournament/players/player9/group9gon.csv,8,6,0.4899,1.2092,54.4407
cakes/tournament/players/player9/group9gon.csv,8,7,0.4556,5.6821,52.5784
cakes/tournament/players/player9/group9gon.csv,8,8,0.1290,9.4528,291.8335
cakes/tournament/players/player9/group9gon.csv,8,9,0.1852,0.6310,157.6405
cakes/tournament/players/player9/group9gon.csv,8,10,0.0000,0.0012,45.1203
cakes/tournament/players/player9/group9gon.csv,13,1,0.0018,4.5797,23.9066
cakes/tournament/players/player9/group9gon.csv,13,2,0.4116,2.9603,68.1129
cakes/tournament/players/player9/group9gon.csv,13,3,0.1440,0.7610,56.2846
cakes/tournament/players/player9/group9gon.csv,13,4,-1,-1,300.0000
cakes/tournament/players/player9/group9gon.csv,13,5,11.2353,7.8282,7.5209
cakes/tournament/players/player9/group9gon.csv,13,6,0.4900,1.6360,89.2620
cakes/tournament/players/player9/group9gon.csv,13,7,0.4762,2.9838,90.5983
cakes/tournament/players/player9/group9gon.csv,13,8,-1,-1,300.0000
cakes/tournament/players/player9/group9gon.csv,13,9,-1,-1,300.0000
cakes/tournament/players/player9/group9gon.csv,13,10,0.0002,1.3291,95.9028
cakes/tournament/players/player9/hard.csv,8,1,0.0211,15.3670,17.5007
cakes/tournament/players/player9/hard.csv,8,2,0.4661,19.4758,18.1233
cakes/tournament/players/player9/hard.csv,8,3,0.3408,14.9784,30.8617
cakes/tournament/players/player9/hard.csv,8,4,0.0938,21.8044,72.5934
cakes/tournament/players/player9/hard.csv,8,5,50.6754,16.6856,11.1505
cakes/tournament/players/player9/hard.csv,8,6,0.4894,13.6209,65.1437
cakes/tournament/players/player9/hard.csv,8,7,0.4924,10.4380,58.9263
cakes/tournament/players/player9/hard.csv,8,8,0.6576,10.7914,189.7518
cakes/tournament/players/player9/hard.csv,8,9,0.2776,13.2725,154.6084
cakes/tournament/players/player9/hard.csv,8,10,0.0000,13.3853,273.8042
cakes/tournament/players/player9/hard.csv,10,1,0.0016,14.7180,21.4485
cakes/tournament/players/player9/hard.csv,10,2,0.6271,15.8772,12.0761
cakes/tournament/players/player9/hard.csv,10,3,0.2939,12.5739,46.3005
cakes/tournament/players/player9/hard.csv,10,4,0.0912,20.0639,36.8872
cakes/tournament/players/player9/hard.csv,10,5,4.5074,18.1968,13.6967
cakes/tournament/players/player9/hard.csv,10,6,0.4900,14.6138,85.4102
cakes/tournament/players/player9/hard.csv,10,7,0.4965,9.2753,77.4391
cakes/tournament/players/player9/hard.csv,10,8,0.3794,15.4125,249.7290
cakes/tournament/players/player9/hard.csv,10,9,0.2533,15.7668,216.3720
cakes/tournament/players/player9/hard.csv,10,10,0.0002,11.5080,271.5443
cakes/tournament/players/player9/hard.csv,16,1,0.0019,17.3080,33.7802
cakes/tournament/players/player9/hard.csv,16,2,0.5470,14.7716,221.8324
cakes/tournament/players/player9/hard.csv,16,3,0.4971,11.0192,55.6854
cakes/tournament/players/player9/hard.csv,16,4,-1,-1,300.0000
cakes/tournament/players/player9/hard.csv,16,5,5.4941,23.4773,16.7414
cakes/tournament/players/player9/hard.csv,16,6,0.4899,15.5672,120.6586
cakes/tournament/players/player9/hard.csv,16,7,0.4991,13.7647,141.6944
cakes/tournament/players/player9/hard.csv,16,8,-1,-1,300.0000
cakes/tournament/players/player9/hard.csv,16,9,-1,-1,300.0000
cakes/tournament/players/player9/hard.csv,16,10,0.0002,15.0565,279.2881
cakes/tournament/rectangle.csv,9,1,0.0201,2.4398,15.8304
cakes/tournament/rectangle.csv,9,2,2.4260,10.8831,11.2813
cakes/tournament/rectangle.csv,9,3,0.0881,1.0795,36.6296
cakes/tournament/rectangle.csv,9,4,-1,-1,300.0000
cakes/tournament/rectangle.csv,9,5,0.3194,11.7959,7.4255
cakes/tournament/rectangle.csv,9,6,0.4900,1.1699,60.0607
cakes/tournament/rectangle.csv,9,7,0.4802,5.7554,65.6298
cakes/tournament/rectangle.csv,9,8,-1,-1,300.0000
cakes/tournament/rectangle.csv,9,9,0.2691,1.2555,216.3931
cakes/tournament/rectangle.csv,9,10,0.0001,1.7388,96.2210
cakes/tournament/rectangle.csv,12,1,0.0190,1.5840,20.9647
cakes/tournament/rectangle.csv,12,2,0.4474,5.7666,167.5108
cakes/tournament/rectangle.csv,12,3,0.0569,0.0611,48.7314
cakes/tournament/rectangle.csv,12,4,0.0659,13.5535,5.6989
cakes/tournament/rectangle.csv,12,5,0.4264,9.5228,9.2216
cakes/tournament/rectangle.csv,12,6,0.4897,2.0683,81.3924
cakes/tournament/rectangle.csv,12,7,0.4718,2.1540,90.3207
cakes/tournament/rectangle.csv,12,8,-1,-1,300.0000
cakes/tournament/rectangle.csv,12,9,0.2983,2.0229,292.1467
cakes/tournament/rectangle.csv,12,10,0.0000,0.0010,42.7431
cakes/tournament/rectangle.csv,18,1,0.0018,6.7811,31.4932
cakes/tournament/rectangle.csv,18,2,-1,-1,300.0000
cakes/tournament/rectangle.csv,18,3,0.1588,0.0476,80.3531
cakes/tournament/rectangle.csv,18,4,-1,-1,300.0000
cakes/tournament/rectangle.csv,18,5,15.5588,18.2219,11.9996
cakes/tournament/rectangle.csv,18,6,0.4900,3.9510,121.0654
cakes/tournament/rectangle.csv,18,7,0.4957,4.4433,157.6673
cakes/tournament/rectangle.csv,18,8,-1,-1,300.0000
cakes/tournament/rectangle.csv,18,9,-1,-1,300.0000
cakes/tournament/rectangle.csv,18,10,0.0001,0.0043,43.6211
cakes/tournament/squeeze.csv,8,1,0.0016,12.7416,19.6489
cakes/tournament/squeeze.csv,8,2,0.3243,10.1196,49.6878
cakes/tournament/squeeze.csv,8,3,0.3968,7.6422,24.2910
cakes/tournament/squeeze.csv,8,4,0.0710,9.7085,30.1239
cakes/tournament/squeeze.csv,8,5,0.5000,9.6474,14.5982
cakes/tournament/squeeze.csv,8,6,0.4900,9.5270,82.2361
cakes/tournament/squeeze.csv,8,7,-1,-1,-1
cakes/tournament/squeeze.csv,8,8,0.5975,4.2333,143.2468
cakes/tournament/squeeze.csv,8,9,0.2294,11.9875,125.1734
cakes/tournament/squeeze.csv,8,10,0.0002,13.4175,275.2390
cakes/tournament/squeeze.csv,10,1,0.0014,12.8667,24.8275
cakes/tournament/squeeze.csv,10,2,0.4294,8.2053,69.1401
cakes/tournament/squeeze.csv,10,3,0.0782,9.6240,37.5436
cakes/tournament/squeeze.csv,10,4,0.0929,11.4860,39.6555
cakes/tournament/squeeze.csv,10,5,0.4875,11.3401,16.3965
cakes/tournament/squeeze.csv,10,6,0.4900,9.7612,105.1010
cakes/tournament/squeeze.csv,10,7,-1,-1,-1
cakes/tournament/squeeze.csv,10,8,0.4453,7.4723,187.5504
cakes/tournament/squeeze.csv,10,9,0.2460,12.1376,174.6661
cakes/tournament/squeeze.csv,10,10,0.0001,11.2547,274.9778
cakes/tournament/squeeze.csv,16,1,0.0015,14.5056,35.4375
cakes/tournament/squeeze.csv,16,2,-1,-1,300.0000
cakes/tournament/squeeze.csv,16,3,0.4600,9.0515,63.5243
cakes/tournament/squeeze.csv,16,4,0.0603,11.4624,71.9247
cakes/tournament/squeeze.csv,16,5,0.4481,13.4508,20.2843
cakes/tournament/squeeze.csv,16,6,0.4900,11.2972,140.2021
cakes/tournament/squeeze.csv,16,7,-1,-1,-1
cakes/tournament/squeeze.csv,16,8,-1,-1,300.0000
cakes/tournament/squeeze.csv,16,9,-1,-1,300.0000
cakes/tournament/squeeze.csv,16,10,0.0000,11.3100,279.1423
